MAKE,MODEL,MYR,OL,OW,OH ,WB,CW ,A,B,C,D,E,F,G,TWF,TWR ,WDIST
ACURA,ILX 4DR SEDAN/HYBRID,12,454,180,141,267,1356,121,51,30,79,114,96,91,150,152,60/40
ACURA,MDX 4DR SUV AWD/TECH/ELITE,10,485,199,173,275,2076,117,183,42,85,126,100,110,172,172,56/44
ACURA,RDX 4DR SUV AWD/TECH PACKAGE,12,466,187,N/A,268,1756,129,158,36,86,123,99,99,160,161,59/41
ACURA,TL 4 DR SEDAN FWD/TECH,12,493,188,145,278,1695,140,65,32,81,115,102,113,161,162,61/39
ACURA,TL 4 DR SEDAN SH-AWD/SH-AWD TECH/SH-AWD ELITE,12,493,188,145,278,1807,140,65,32,81,115,102,113,161,162,59/41
ACURA,TSX 4DR SEDAN FWD TECH PACKAGE/PREMIUM,09,473,184,144,271,1545,121,44,35,79,115,97,104,158,158,60/40
ACURA,TSX 4DR SEDAN FWD V6 TECH,09,473,184,144,271,1672,121,44,35,79,115,97,104,158,158,60/40
ACURA,ZDX 4DR SUV AWD/TECH ELITE,10,488,199,160,275,2013,133,109,33,88,120,109,104,172,171,58/42
ASTON MARTIN,DB9 2DR COUPE RWD,04,470,188,127,274,1760,N/A,N/A,N/A,N/A,N/A,N/A,N/A,157,156,50/50
ASTON MARTIN,DB9 VOLANTE 2DR CONV RWD,05,470,188,127,274,1856,N/A,N/A,N/A,N/A,N/A,N/A,N/A,N/A,N/A,50/50
ASTON MARTIN,RAPIDE 4DR SEDAN RWD,11,502,193,136,299,1950,N/A,N/A,N/A,N/A,N/A,N/A,N/A,N/A,N/A,N/A
ASTON MARTIN,VANQUIS 2DR COUPE RWD,08,472,191,128,274,1695,N/A,N/A,N/A,N/A,N/A,N/A,N/A,N/A,N/A,N/A
ASTON MARTIN,VANTAGE 2DR COUPE RWD V8/V8 S/V12,06,438,187,126,260,1630,N/A,N/A,N/A,N/A,N/A,N/A,N/A,157,159,N/A
ASTON MARTIN,VANTAGE ROADSTER 2DR CONV RWD V8/V8 S,07,438,187,126,260,1710,N/A,N/A,N/A,N/A,N/A,N/A,N/A,157,159,N/A
AUDI,A3 4DR HATCH 2.0 TFSI FWD PROGRESSIV/2.0 TDI,05,429,174,142,258,1460,104,137,34,77,100,88,83,152,148,60/40
AUDI,A3 4DR HATCH 2.0 TFSI QUATTRO PROGRESSIV,05,429,174,142,258,1570,104,137,34,77,100,88,83,152,148,60/40
AUDI,A4 4DR SEDAN 2.0 TFSI FWD,09,470,183,143,281,1590,124,50,36,79,106,88,103,155,154,55/45
AUDI,A4 4DR SEDAN 2.0 TFSI QUATTRO/PREMIUM/PREMIUM,09,470,183,143,281,1640,124,50,36,79,106,88,103,155,154,55/45
AUDI,A4 ALLROAD 2.0 TFSI QUATTRO/PREMIUM/PREMIUM P,13,472,184,147,281,1765,136,152,33,80,108,88,103,158,157,53/47
AUDI,A5 2DR CABRIOLET 2.0 TFSI QUATTRO PREMIUM/PRE,10,464,185,137,275,1829,124,48,33,77,111,88,101,157,157,52/48
AUDI,A5 2DR COUPE 2.0 TFSI QUATTRO PREMIUM/PREMIUM,08,464,185,137,275,1625,124,48,33,77,111,88,101,157,157,52/48
AUDI,A6 4DR SEDAN 2.0 TFSI QUATTRO PREMIUM/PREMIUM,11,492,187,146,291,1765,140,58,37,80,111,92,109,163,162,55/45
AUDI,A6 4DR SEDAN 3.0 TFSI QUATTRO PREMIUM/PREMIUM,11,492,187,146,291,1835,140,58,37,80,111,92,109,163,162,55/45
AUDI,A7 4DR HATCHBACK 3.0 TFSI QUATTRO PREMIUM/PRE,11,497,191,142,291,1910,140,230,34,78,112,93,112,164,164,54/46
AUDI,A8 4DR SEDAN 3.0 TFSI QUATTRO,10,512,195,146,299,1985,146,67,32,82,114,100,114,163,163,56/44
AUDI,A8 4DR SEDAN 4.0 TFSI QUATTRO,10,512,195,146,299,2055,146,67,32,82,114,100,114,163,163,56/44
AUDI,A8L 4DR SEDAN LWB 3.0 TFSI QUATTRO,10,526,195,146,312,2000,146,67,32,82,114,100,114,163,163,56/44
AUDI,A8L 4DR SEDAN LWB 4.2 FSI QUATTRO/PREMIUM,10,526,195,146,312,2085,146,67,32,82,114,100,114,163,163,56/44
AUDI,A8L 4DR SEDAN LWB W12 6.3 FSI QUATTRO,10,526,195,146,312,2165,146,67,32,82,114,100,114,163,163,56/44
AUDI,Q5 5DR SUV 2.0 TFSI QUATTRO PREMIUM/PREMIUM P,09,463,190,166,281,1850,126,156,40,86,116,91,93,160,160,53/47
AUDI,Q5 5DR SUV 3.0 TFSI QUATTRO PREMIUM/PREMIUM P,09,463,190,166,281,1975,126,156,40,86,116,91,93,160,160,53/47
AUDI,Q5 5DR SUV HYBRID QUATTRO,09,463,190,166,281,2010,126,156,40,86,116,91,93,160,160,53/47
AUDI,Q7 4DR SUV 3.0 TFSI PREMIUM/PREMIUM PLUS,07,509,198,174,300,2355,124,186,39,88,106,97,112,163,165,50/50
AUDI,Q7 4DR SUV 3.0 TFSI QUATTRO SPORT,07,509,198,174,300,2455,124,186,39,88,106,97,112,163,165,50/50
AUDI,Q7 4DR SUV TDI 3.0 QUATTRO PREMIUM/PREMIUM PL,07,509,198,174,300,2525,124,186,39,88,106,97,112,163,165,50/50
AUDI,R8 2DR 4.2 FSI CONV,10,443,190,125,265,1750,109,159,N/A,73,115,99,79,164,160,44/56
AUDI,R8 2DR 4.2 FSI COUPE AWD,08,443,190,125,265,1635,101,56,30,72,107,100,78,163,159,44/56
AUDI,R8 2DR 5.2 FSI CONV,10,443,190,125,265,1795,109,159,N/A,73,115,99,79,164,160,44/56
AUDI,R8 2DR 5.2 FSI COUPE AWD/GT,08,443,190,125,265,1725,101,56,30,72,107,100,78,163,159,44/56
AUDI,R8 2DR GT CONV,10,443,190,125,265,1650,109,159,N/A,73,115,99,79,164,160,44/56
AUDI,R8 2DR GT COUPE AWD,08,443,190,125,265,1525,101,56,30,72,107,100,78,163,159,44/56
AUDI,S4 4DR SEDAN 3.0 TFSI QUTTRO/PREMIUM,09,470,183,143,281,1745,124,50,36,79,106,88,103,155,154,55/45
AUDI,S5 2DR CABRIOLET 3.0 TFSI QUATTRO/PREMIUM,10,464,185,137,275,1955,124,49,33,77,111,89,102,157,155,51/49
AUDI,S5 2DR COUPE 3.0 TFSI QUATTRO/QUATTRO PREMIUM,08,464,185,137,275,1750,124,49,33,77,111,89,102,157,155,51/49
AUDI,S6 4DR SEDAN 4.0 TFSI QUATTRO,11,492,187,146,291,1995,140,58,37,80,111,92,109,163,162,55/45
AUDI,S7 4DR HATCHBACK 4.0 TFSI QUATTRO,11,497,191,142,291,2045,140,230,34,78,112,93,112,164,164,54/46
AUDI,S8 4DR SEDAN 4.0 TFSI QUATTRO,10,512,195,146,299,2105,146,67,32,82,114,100,114,163,163,56/44
AUDI,TT 2DR COUPE 2.0 TFSI QUATTRO/S-LINE,07,419,184,134,247,1345,122,45,28,80,113,90,82,156,155,61/39
AUDI,TT ROADSTER 2DR CONVERTIBLE 2.0 TFSI QUATTRO,07,419,184,134,247,1420,122,N/A,28,80,N/A,90,82,156,155,61/39
AUDI,TT RS 2DR COUPE 2.5 TFSI QUATTRO,12,420,184,134,247,1500,122,45,28,80,113,91,82,156,155,61/39
AUDI,TTS 2DR COUPE 2.0 TFSI QUATTRO,07,420,184,134,247,1460,122,45,28,80,113,91,82,156,155,61/39
AUDI,TTS ROADSTER 2DR CONVERTIBLE 2.0 TFSI QUATTRO,07,420,184,134,247,1540,122,N/A,28,80,N/A,91,82,156,155,61/39
BENTLEY,CONTINENTAL 2DR CONV AWD GTC/GTC V-8,12,481,194,140,275,2495,N/A,N/A,N/A,N/A,N/A,N/A,N/A,162,161,N/A
BENTLEY,CONTINENTAL 2DR COUPE AWD GT/GT V-8,11,481,194,140,275,2565,N/A,N/A,N/A,N/A,N/A,N/A,N/A,N/A,N/A,52/48
BENTLEY,CONTINENTAL FLYING SPUR 4DR SEDAN AWD,06,529,198,140,275,2525,N/A,N/A,N/A,N/A,N/A,N/A,N/A,162,161,N/A
BENTLEY,CONTINENTAL SUPERSPORTS 2DR CONV AWD,04,481,195,139,275,2395,N/A,N/A,N/A,N/A,N/A,N/A,N/A,N/A,N/A,52/48
BENTLEY,CONTINENTAL SUPERSPORTS 2DR COUPE AWD,04,481,195,139,275,2240,N/A,N/A,N/A,N/A,N/A,N/A,N/A,N/A,N/A,52/48
BENTLEY,MULSANNE 4DR SEDAN RWD,11,558,193,152,327,2585,N/A,N/A,N/A,N/A,N/A,N/A,N/A,162,165,52/48
BMW,1 SERIES 128i 2DR COUPE RWD,08,437,175,141,266,1455,124,50,35,80,107,77,96,146,148,52/48
BMW,1 SERIES 135i 2DR COUPE RWD,08,437,175,141,266,1530,124,50,35,80,107,77,96,146,148,52/48
BMW,1 SERIES CABRIOLET 128i 2DR CONV RWD,08,437,175,141,266,1585,122,61,35,80,N/A,76,95,147,149,52/48
BMW,1 SERIES CABRIOLET 135i 2DR CONV RWD,08,437,175,141,266,1660,122,61,35,80,N/A,76,95,147,149,52/48
BMW,3 SERIES 320i 4DR SEDAN RWD,12,463,181,143,281,1475,137,52,37,77,109,78,104,154,158,50/50
BMW,3 SERIES 328i 4DR SEDAN RWD,12,463,181,143,281,1545,137,52,37,77,109,78,104,154,158,50/50
BMW,3 SERIES 328i xDRIVE 4DR SEDAN AWD,12,463,181,143,281,1630,137,52,37,77,109,78,104,154,158,50/50
BMW,3 SERIES 335i 4DR SEDAN RWD,12,463,181,143,281,1620,137,52,37,77,109,78,104,154,158,52/48
BMW,3 SERIES 335i xDRIVE 4DR SEDAN AWD,12,463,181,143,281,1683,137,52,37,77,109,78,104,154,158,52/48
BMW,3 SERIES ACTIVEHYBRID 3 4DR SEDAN RWD,12,463,181,143,281,1725,137,52,37,77,109,78,104,154,158,52/48
BMW,3 SERIES CABRIOLET 328i RWD,09,459,178,138,276,1735,126,64,34,79,107,78,105,150,150,47/53
BMW,3 SERIES CABRIOLET 335i/335is RWD,09,459,178,138,276,1815,126,64,34,79,107,78,105,150,150,47/53
BMW,3 SERIES COUPE 328i RWD,07,459,178,138,276,1520,127,50,35,78,105,77,105,150,149,50/50
BMW,3 SERIES COUPE 328i xDRIVE AWD,07,459,178,138,276,1625,127,50,35,78,105,77,105,150,149,50/50
BMW,3 SERIES COUPE 335i xDRIVE AWD,07,459,178,138,276,1705,126,67,34,78,121,78,106,149,150,50/50
BMW,3 SERIES COUPE 335i/335is RWD,07,459,178,138,276,1620,126,67,34,78,121,78,106,149,150,50/50
BMW,3 SERIES TOURING 328i xDRIVE 4DR WAGON,13,463,181,143,281,1595,137,163,37,77,103,78,104,153,157,49/51
BMW,5 SERIES 528i 4 DR SEDAN RWD,11,490,186,146,297,1720,148,55,38,81,111,83,110,160,163,51/49
BMW,5 SERIES 528i xDRIVE 4 DR SEDAN RWD,11,490,186,146,297,1815,148,55,38,81,111,83,110,160,163,51/49
BMW,5 SERIES 535i xDrive 4 DR SEDAN AWD,11,490,186,146,297,1920,148,55,38,81,111,83,110,160,163,51/49
BMW,5 SERIES 535i xDrive Gran Turismo 5DR SEDAN A,10,500,190,156,307,2135,141,150,38,84,123,84,109,161,165,49/51
BMW,5 SERIES 550i 4 DR SEDAN RWD,11,490,186,146,297,1980,148,55,38,81,111,83,110,160,163,51/49
BMW,5 SERIES 550i xDrive 4 DR SEDAN AWD,11,490,186,146,297,2050,148,55,38,81,111,83,110,160,163,51/49
BMW,5 SERIES 550i xDrive Gran Turismo 5DR SEDAN A,10,500,190,156,307,2295,141,150,38,84,123,84,109,161,165,49/51
BMW,5 SERIES ACTIVEHYBRID 5 4 DR SEDAN RWD,11,490,186,146,297,1980,148,55,38,81,111,83,110,160,163,51/49
BMW,6 SERIES  650i xDrive 2DR COUPE AWD,12,489,189,137,286,1990,158,60,32,82,107,94,110,160,167,54/46
BMW,6 SERIES CABRIOLET 650i xDrive 2DR CONV AWD,12,489,189,137,286,2090,158,N/A,N/A,82,N/A,94,110,160,167,52/48
BMW,6 SERIES GRAN COUPE 650i xDrive 4DR SEDAN,13,501,189,139,297,2015,158,60,31,81,107,94,110,160,167,53/47
BMW,7 SERIES 740Li xDRIVE 4DR SEDAN AWD,09,521,190,148,321,1973,139,60,38,81,112,87,114,161,163,50/50
BMW,7 SERIES 750i XDRIVE 4DR SEDAN AWD,09,507,190,148,307,2152,139,60,38,81,112,87,114,161,163,50/50
BMW,7 SERIES 750Li XDRIVE 4DR SEDAN AWD,09,521,190,148,321,2177,139,60,38,81,112,87,114,161,163,50/50
BMW,7 SERIES 760Li 4DR SEDAN RWD,09,521,190,148,321,2275,139,60,38,81,112,87,114,161,163,50/50
BMW,7 SERIES ACTIVEHYBRID 4DR SEDAN RWD,09,521,190,148,321,2195,139,60,38,81,112,87,114,161,163,52/48
BMW,M3 2DR CONV RWD,08,462,180,138,276,1880,130,51,36,79,106,81,105,154,153,50/50
BMW,M3 2DR COUPE RWD,08,462,180,140,276,1680,130,51,36,79,106,81,105,154,153,50/50
BMW,M5 4 DR SEDAN RWD,12,490,186,146,297,1980,148,55,38,81,111,83,110,160,163,51/49
BMW,M6 2DR COUPE RWD,12,489,189,137,286,1930,158,60,32,82,107,94,110,160,167,53/47
BMW,M6 CABRIOLET 2DR CONV RWD,12,489,189,137,286,2045,158,N/A,N/A,82,N/A,94,110,160,167,50/50
BMW,M6 GRAN COUPE 4DR SEDAN,13,501,190,139,297,1994,158,60,31,81,107,94,110,163,161,N/A
BMW,X1 xDRIVE28i 4DR SUV,11,445,180,155,276,1690,137,140,38,81,112,79,90,150,153,51/49
BMW,X1 xDRIVE35i 4DR SUV,11,445,180,155,276,1765,137,140,38,81,112,79,90,150,153,52/48
BMW,X3 xDRIVE28i 4 DR SUV,11,465,188,168,281,1865,138,158,44,85,114,85,97,162,163,50/50
BMW,X3 xDRIVE35i 4 DR SUV,11,465,188,168,281,1915,138,158,44,85,114,85,97,162,163,50/50
BMW,X5 xDRIVE35d 4DR SUV,07,485,193,177,293,2355,127,174,45,88,111,87,106,164,165,48/52
BMW,X5 xDRIVE35i 4DR SUV,07,485,193,177,293,2250,127,174,45,88,111,87,106,164,165,48/52
BMW,X5 xDRIVE50i 4DR SUV,07,485,193,177,293,2440,127,174,45,88,111,87,106,164,165,48/52
BMW,X5M 4DR SUV AWD,08,485,199,177,293,2435,127,174,45,88,111,87,106,164,165,48/52
BMW,X6 xDRIVE 35i 4DR SUV,08,489,198,170,293,2220,128,137,40,91,115,86,110,165,164,50/50
BMW,X6 xDRIVE 50i 4DR SUV,08,489,198,170,293,2390,128,137,40,91,115,86,110,165,164,50/50
BMW,X6M 4DR SUV AWD,08,489,198,170,293,2415,128,137,40,91,115,86,110,165,164,50/50
BMW,Z4 sDRIVE30i 2DR CONV RWD,09,424,179,129,250,1470,156,73,24,74,125,86,89,151,156,50/50
BMW,Z4 sDRIVE35i/35is 2DR CONV RWD,09,424,179,129,250,1590,156,73,24,74,125,86,89,151,156,50/50
BUICK,ENCLAVE 4DR SUV AWD BASE/LEATHER/PREMIUM,07,513,201,185,302,2233,108,205,41,88,105,100,112,171,170,55/45
BUICK,ENCLAVE 4DR SUV FWD BASE/LEATHER/PREMIUM,07,513,201,185,302,2108,108,205,41,88,105,100,112,171,170,55/45
BUICK,ENCORE 4DR SUV AWD,12,427,177,165,256,1476,111,138,39,90,102,94,77,154,154,N/A
BUICK,ENCORE 4DR SUV FWD,12,427,177,165,256,1382,111,138,39,90,102,94,77,154,154,N/A
BUICK,LACROSSE 4DR SEDAN eAssist,09,500,186,150,284,1712,116,52,33,86,111,102,114,156,157,57/43
BUICK,LACROSSE 4DR SEDAN V-6 AWD,09,500,186,150,284,1917,116,52,33,86,111,102,114,156,157,57/43
BUICK,LACROSSE 4DR SEDAN V-6 FWD,09,500,186,150,284,1785,116,52,33,86,111,102,114,156,157,58/42
BUICK,REGAL 4DR SEDAN BASE/eAssist,10,484,186,148,274,1641,135,62,31,83,115,102,108,159,159,58/42
BUICK,REGAL 4DR SEDAN TURBO/GS,10,484,186,148,274,1673,135,62,31,83,115,102,108,159,159,58/42
BUICK,VERANO 4DR SEDAN BASE/TURBO,11,467,181,148,269,1497,120,54,37,82,105,100,99,154,156,61/39
CADILLAC,ATS 4DR SEDAN BASE RWD,12,465,180,137,278,1503,140,53,32,81,108,83,104,152,154,51/49
CADILLAC,ATS 4DR SEDAN TURBO/3.6L V6 AWD,12,465,180,137,278,1646,140,53,32,81,108,83,104,152,154,51/49
CADILLAC,ATS 4DR SEDAN TURBO/3.6L V6 RWD,12,465,180,137,278,1543,140,53,32,81,108,83,104,152,154,51/49
CADILLAC,CTS 2 DR COUPE AWD 3.6 4,11,479,188,142,288,1874,141,60,30,86,110,87,104,158,160,54/46
CADILLAC,CTS 2 DR COUPE RWD 3.6,11,479,188,142,288,1773,141,60,30,86,110,87,104,158,160,53/47
CADILLAC,CTS 4DR SEDAN AWD 3.0 4/3.6 4,08,487,184,147,288,1868,129,54,33,82,109,86,113,155,158,51/49
CADILLAC,CTS 4DR SEDAN RWD 3.0/3.6,08,487,184,147,288,1751,129,54,33,82,109,86,113,155,158,52/48
CADILLAC,CTS 4DR SPORTWAGON AWD 3.0 4/3.6 4,10,486,184,150,288,1915,141,168,30,84,111,86,112,157,157,51/49
CADILLAC,CTS 4DR SPORTWAGON RWD 3.0/3.6,10,486,184,150,288,1828,141,168,30,84,111,86,112,157,157,52/48
CADILLAC,CTS-V 2 DR COUPE RWD,11,479,188,142,288,1907,141,60,30,86,110,87,104,157,160,54/46
CADILLAC,CTS-V 4DR SEDAN RWD,08,487,184,147,288,1905,129,54,33,82,109,86,113,155,158,52/48
CADILLAC,CTS-V 4DR SPORTWAGON RWD,10,486,184,150,288,1909,141,168,30,84,111,86,112,157,157,54/46
CADILLAC,ESCALADE 4DR SUV AWD,08,514,200,189,295,2581,132,199,46,94,135,99,120,174,171,52/48
CADILLAC,ESCALADE ESV 4DR SUV AWD,07,566,201,189,330,2713,132,251,46,94,135,99,137,174,171,52/48
CADILLAC,ESCALADE EXT P/U EXT CAB S/BOX AWD,07,554,201,189,330,2698,132,280,46,85,134,99,125,174,172,52/48
CADILLAC,ESCALADE HYBRID 4DR SUV 4WD,08,514,201,189,295,2776,132,199,46,94,135,99,120,174,171,54/46
CADILLAC,SRX 4DR CUV AWD,09,483,191,167,282,2015,119,164,39,90,118,104,99,163,161,57/43
CADILLAC,SRX 4DR CUV FWD,09,483,191,167,282,1940,119,164,39,90,118,104,99,163,161,59/41
CADILLAC,XTS 4DR SEDAN BASE/LUXURY/PREMIUM/PLATINUM AW,12,513,185,148,284,1898,131,57,35,87,112,103,126,158,160,59/41
CADILLAC,XTS 4DR SEDAN LUXURY/PREMIUM/PLATINUM FWD,12,513,185,148,284,1812,131,57,35,87,112,103,126,158,160,59/41
CHEVROLET,1500 EXPRESS CARGO VAN SWB,03,569,202,207,343,2231,91,291,54,99,146,101,124,173,172,53/47
CHEVROLET,1500 EXPRESS CARGO VAN SWB AWD,03,569,202,207,343,2367,91,291,54,99,146,101,124,173,172,53/47
CHEVROLET,1500 EXPRESS PASSENGER VAN SWB,03,569,202,207,343,2494,91,291,54,99,146,101,124,173,172,53/47
CHEVROLET,1500 EXPRESS PASSENGER VAN SWB AWD,03,569,202,207,343,2367,91,291,54,99,146,101,124,173,172,53/47
CHEVROLET,2500 EXPRESS CARGO VAN LWB,03,620,202,208,394,2497,91,342,54,99,146,101,124,173,172,53/47
CHEVROLET,2500 EXPRESS CARGO VAN SWB,03,569,202,207,343,2400,91,291,54,99,146,101,124,173,172,53/47
CHEVROLET,2500 EXPRESS PASSENGER VAN SWB,03,569,202,207,343,2664,91,291,54,99,146,101,124,173,172,53/47
CHEVROLET,3500 EXPRESS CARGO VAN LWB,03,620,202,208,394,2525,91,342,54,99,146,101,124,173,172,53/47
CHEVROLET,3500 EXPRESS CARGO VAN SWB,03,569,202,207,343,2361,91,291,54,99,146,101,124,173,172,53/47
CHEVROLET,3500 EXPRESS PASSENGER VAN LWB,03,620,202,208,394,2906,91,342,54,99,146,101,124,173,172,53/47
CHEVROLET,3500 EXPRESS PASSENGER VAN SWB,03,569,202,207,343,2761,91,291,54,99,146,101,124,173,172,53/47
CHEVROLET,AVALANCHE 1500 P/U CREWCAB S/BOX 2WD,07,554,201,186,331,2466,131,280,46,97,115,99,125,174,172,52/48
CHEVROLET,AVALANCHE 1500 P/U CREWCAB S/BOX 4WD,07,554,201,189,331,2576,131,280,46,97,115,99,125,174,172,52/48
CHEVROLET,CAMARO 2DR COUPE RWD LS/LT,09,484,192,138,285,1700,140,61,27,81,115,92,107,162,163,52/48
CHEVROLET,CAMARO 2DR COUPE RWD SS,09,484,192,138,285,1775,140,61,27,81,115,92,107,162,162,52/48
CHEVROLET,CAMARO 2DR COUPE RWD ZL1,09,484,192,138,285,1869,140,61,27,81,115,92,107,162,162,52/48
CHEVROLET,CAMARO CONVERTIBLE RWD LS/LT,11,484,192,138,285,1806,151,68,N/A,81,131,92,107,162,162,52/48
CHEVROLET,CAMARO CONVERTIBLE RWD SS,11,484,192,138,285,1882,151,68,N/A,81,131,92,107,162,162,52/48
CHEVROLET,CAMARO CONVERTIBLE RWD ZL1,11,484,192,138,285,1987,151,68,N/A,81,131,92,107,162,162,52/48
CHEVROLET,CORVETTE 2DR CONVERTIBLE RWD,05,444,184,125,269,1461,148,31,28,75,103,90,85,157,155,52/48
CHEVROLET,CORVETTE 427 CONVERTIBLE CONV 2DR RWD,06,446,193,125,269,1522,150,30,28,74,101,92,85,162,161,50/50
CHEVROLET,CORVETTE COUPE 2DR RWD,05,444,184,125,269,1455,148,31,28,75,103,90,85,157,155,52/48
CHEVROLET,CORVETTE GRANDSPORT CONV 2DR RWD,06,446,193,125,269,1492,150,30,28,74,101,92,85,162,161,51/49
CHEVROLET,CORVETTE GRANDSPORT COUPE 2DR RWD,06,446,193,125,269,1512,150,30,28,74,101,92,85,162,161,51/49
CHEVROLET,CORVETTE Z06 COUPE 2DR RWD,06,446,193,125,269,1440,150,30,28,74,101,92,85,162,161,50/50
CHEVROLET,CORVETTE ZR1 COUPE 2DR RWD,09,447,193,124,269,1521,151,30,28,74,101,93,85,162,161,51/49
CHEVROLET,CRUZE 4DR SEDAN LS/LT/LTZ/ECO,10,461,180,148,268,1407,129,53,33,80,110,97,96,153,155,61/39
CHEVROLET,EQUINOX 4DR SUV 2.4L AWD LS/LT/LTZ,09,479,184,170,286,1782,116,169,37,88,107,96,97,159,157,58/42
CHEVROLET,EQUINOX 4DR SUV 2.4L FWD LS/LT/LTZ,09,479,184,170,286,1706,116,169,37,88,107,96,97,159,157,58/42
CHEVROLET,EQUINOX 4DR SUV 3.6L AWD LS/LT/LTZ,09,479,184,170,286,1881,116,169,37,88,107,96,97,159,157,58/42
CHEVROLET,EQUINOX 4DR SUV 3.6L FWD LS/LT/LTZ,09,479,184,170,286,1778,116,169,37,88,107,96,97,159,157,58/42
CHEVROLET,IMPALA 4DR SEDAN FWD LS/LT/LTZ,06,509,185,149,281,1613,128,65,38,78,109,110,120,157,158,61/39
CHEVROLET,MALIBU 4DR SEDAN LS,12,487,185,146,274,1539,131,63,37,80,114,99,114,158,157,60/40
CHEVROLET,MALIBU 4DR SEDAN LT TURBO/LTZ TURBO/ECO,12,487,185,146,274,1650,131,63,37,80,114,99,114,158,157,59/41
CHEVROLET,MALIBU 4DR SEDAN LT/LTZ,12,487,185,146,274,1602,131,63,37,80,114,99,114,158,157,60/40
CHEVROLET,ORLANDO 4DR MINIVAN LS/LT/LTZ,11,465,184,163,276,1596,111,178,38,90,121,96,93,158,159,49/51
CHEVROLET,SILVERADO 1500 CREW CAB S/BOX 2WD,07,570,203,188,365,2338,131,293,46,86,133,100,105,174,171,58/42
CHEVROLET,SILVERADO 1500 CREW CAB S/BOX 4X4,07,570,203,188,365,2397,131,293,46,86,133,100,105,174,171,58/42
CHEVROLET,SILVERADO 1500 EXT CAB L/BOX 2WD,07,618,203,188,400,2378,131,340,46,86,133,100,117,174,171,59/41
CHEVROLET,SILVERADO 1500 EXT CAB L/BOX 4X4,07,618,203,188,400,2496,131,340,46,86,133,100,117,174,171,60/40
CHEVROLET,SILVERADO 1500 EXT CAB M/BOX 2WD,07,570,203,188,365,2216,131,293,46,86,133,100,105,174,171,58/42
CHEVROLET,SILVERADO 1500 EXT CAB M/BOX 4X4,07,570,203,188,365,2408,131,293,46,86,133,100,105,174,171,59/41
CHEVROLET,SILVERADO 1500 HYBRID CREW CAB S/BOX 2WD,07,570,203,188,365,2559,131,293,46,86,133,100,105,174,171,59/41
CHEVROLET,SILVERADO 1500 HYBRID CREW CAB S/BOX 4X4,07,570,203,188,365,2627,131,293,46,86,133,100,105,174,171,59/41
CHEVROLET,SILVERADO 1500 REG CAB L/BOX 2WD,07,556,203,188,338,2085,132,278,46,86,133,100,117,174,171,58/42
CHEVROLET,SILVERADO 1500 REG CAB L/BOX 4X4,07,556,203,188,338,2200,132,278,46,86,133,100,117,174,171,59/41
CHEVROLET,SILVERADO 1500 REG CAB M/BOX 2WD,07,508,203,188,302,2023,132,230,46,86,133,100,105,174,171,58/42
CHEVROLET,SILVERADO 1500 REG CAB M/BOX 4X4,07,508,203,188,302,2123,132,230,46,86,133,100,105,174,171,59/41
CHEVROLET,SILVERADO 2500HD CREW CAB L/BOX 2WD,07,644,203,198,426,2816,132,366,46,86,133,100,117,174,171,N/A
CHEVROLET,SILVERADO 2500HD CREW CAB L/BOX 4X4,07,644,203,198,426,2991,132,366,46,86,133,100,117,174,171,N/A
CHEVROLET,SILVERADO 2500HD CREW CAB M/BOX 2WD,07,596,203,198,391,2791,132,319,46,86,133,100,105,174,171,N/A
CHEVROLET,SILVERADO 2500HD CREW CAB M/BOX 4X4,07,596,203,198,391,2918,132,319,46,86,133,100,105,174,171,N/A
CHEVROLET,SILVERADO 2500HD EXT CAB L/BOX 2WD,07,618,203,198,400,2786,131,340,46,86,133,100,117,174,171,N/A
CHEVROLET,SILVERADO 2500HD EXT CAB L/BOX 4X4,07,618,203,198,400,2824,131,340,46,86,133,100,117,174,171,N/A
CHEVROLET,SILVERADO 2500HD EXT CAB M/BOX 2WD,07,570,203,198,365,2734,131,293,46,86,133,100,105,174,171,N/A
CHEVROLET,SILVERADO 2500HD EXT CAB M/BOX 4X4,07,570,203,198,365,2863,131,293,46,86,133,100,105,174,171,N/A
CHEVROLET,SILVERADO 2500HD REG CAB L/BOX 2WD,07,556,203,198,338,2625,132,278,46,86,133,100,117,174,171,N/A
CHEVROLET,SILVERADO 2500HD REG CAB L/BOX 4X4,07,556,203,198,338,2748,132,278,46,86,133,100,117,174,171,N/A
CHEVROLET,SILVERADO 3500 CREW CAB L/BOX 2WD DRW,07,644,244,198,426,3076,132,366,46,86,133,100,117,174,N/A,N/A
CHEVROLET,SILVERADO 3500 CREW CAB L/BOX 2WD SRW,07,644,203,198,426,2899,132,366,46,86,133,100,117,174,171,N/A
CHEVROLET,SILVERADO 3500 CREW CAB L/BOX 4X4 DRW,07,644,244,198,426,3225,132,366,46,86,133,100,117,174,N/A,N/A
CHEVROLET,SILVERADO 3500 CREW CAB L/BOX 4X4 SRW,07,644,203,198,426,3054,132,366,46,86,133,100,117,174,171,N/A
CHEVROLET,SILVERADO 3500 CREW CAB M/BOX 2X4 SRW,07,596,203,198,391,2866,132,319,46,86,133,100,105,174,171,N/A
CHEVROLET,SILVERADO 3500 CREW CAB M/BOX 4X4 SRW,07,596,203,198,391,2998,132,319,46,86,133,100,105,174,171,N/A
CHEVROLET,SILVERADO 3500 EXT CAB L/BOX 2WD DRW,07,618,244,198,400,3025,131,340,46,86,133,100,117,174,N/A,N/A
CHEVROLET,SILVERADO 3500 EXT CAB L/BOX 2WD SRW,07,618,203,198,400,2838,131,340,46,86,133,100,117,174,171,N/A
CHEVROLET,SILVERADO 3500 EXT CAB L/BOX 4X4 DRW,07,618,244,198,400,3156,131,340,46,86,133,100,117,174,N/A,N/A
CHEVROLET,SILVERADO 3500 EXT CAB L/BOX 4X4 SRW,07,618,203,198,400,2969,131,340,46,86,133,100,117,174,171,N/A
CHEVROLET,SILVERADO 3500 REG CAB L/BOX 2WD DRW,07,556,244,198,338,2802,132,278,46,86,133,100,117,174,N/A,N/A
CHEVROLET,SILVERADO 3500 REG CAB L/BOX 2WD SRW,07,556,203,198,338,2619,132,278,46,86,133,100,117,174,171,N/A
CHEVROLET,SILVERADO 3500 REG CAB L/BOX 4X4 DRW,07,556,244,198,338,2960,132,278,46,86,133,100,117,174,N/A,N/A
CHEVROLET,SILVERADO 3500 REG CAB L/BOX 4X4 SRW,07,556,203,198,338,2763,132,278,46,86,133,100,117,174,171,N/A
CHEVROLET,SONIC 4DR SEDAN LS/LT/LTZ,11,440,174,152,253,1237,97,51,35,81,103,89,98,151,151,62/38
CHEVROLET,SONIC 5DR HATCHBACK LS/LT/LTZ/RS,11,404,174,152,253,1220,97,121,35,82,103,89,62,151,151,62/38
CHEVROLET,SPARK 4DR HATCHBACK LS/LT,12,365,160,152,238,1050,80,104,37,85,104,75,52,141,141,63/37
CHEVROLET,SUBURBAN 1500 4DR SUV 4WD,07,565,201,195,330,2640,132,251,46,95,133,100,135,175,171,51/49
CHEVROLET,SUBURBAN 1500 4DR SUV RWD,07,565,201,195,330,2579,132,251,46,95,133,100,135,175,171,51/49
CHEVROLET,SUBURBAN 2500 4DR SUV 4WD,07,565,201,195,330,2909,132,251,46,95,133,100,135,175,171,51/49
CHEVROLET,SUBURBAN 2500 4DR SUV RWD,07,565,201,195,330,2786,132,251,46,95,133,100,135,175,171,51/49
CHEVROLET,TAHOE 4DR SUV 4WD LS/LT/LTZ,06,513,197,196,295,2583,132,199,46,87,133,100,118,173,169,51/49
CHEVROLET,TAHOE 4DR SUV RWD LS/LT,06,513,197,196,295,2480,132,199,46,87,133,100,118,173,169,51/49
CHEVROLET,TAHOE HYBRID 4DR SUV 4WD,08,513,201,196,295,2702,132,199,46,87,133,100,118,173,169,51/49
CHEVROLET,TAHOE HYBRID 4DR SUV RWD,08,513,201,195,295,2566,132,199,46,87,133,100,118,173,169,51/49
CHEVROLET,TRAVERSE LS/LT/LTZ AWD 4DR SUV,13,517,199,178,302,2197,118,210,39,91,118,102,113,171,170,55/45
CHEVROLET,TRAVERSE LS/LT/LTZ FWD 4DR SUV,13,517,199,178,302,2107,118,210,39,91,118,102,113,171,170,55/45
CHEVROLET,TRAX 4 LS/LT/LTZ DR SUV,13,426,178,167,256,1382,109,140,36,92,105,94,76,154,154,N/A
CHEVROLET,TRAX LT/LTZ AWD 4 DR SUV,13,426,178,167,256,1476,109,140,36,92,105,94,76,154,154,N/A
CHEVROLET,VOLT 4DR HATCHBACK,11,450,179,143,269,1715,119,67,33,82,110,99,81,155,157,61/39
CHRYSLER,200 4DR SEDAN LX/TOURING/LIMITED,11,487,184,139,277,1544,131,60,36,80,106,105,104,157,159,60/40
CHRYSLER,200 4DR SEDAN S,11,487,184,139,277,1622,131,60,36,80,106,105,104,157,159,60/40
CHRYSLER,200 CONVERTIBLE LX,11,495,184,147,277,1768,132,93,N/A,85,108,105,113,157,159,62/38
CHRYSLER,200 CONVERTIBLE TOURING/LIMITED/S,11,495,184,147,277,1814,132,93,N/A,85,108,105,113,157,159,62/38
CHRYSLER,300 4DR SEDAN 300 S/300C/300C LUXURY AWD,11,505,191,149,305,2047,139,63,34,89,118,92,108,163,162,54/46
CHRYSLER,300 4DR SEDAN 300 TOURING/300 S RWD,11,505,191,149,305,1797,139,63,34,89,118,92,108,163,162,52/48
CHRYSLER,300 4DR SEDAN 300C/300C LUXURY RWD,11,505,191,149,305,1937,139,63,34,89,118,92,108,163,162,54/46
CHRYSLER,300 SRT-8,12,509,191,148,305,1937,141,66,33,88,117,94,110,161,160,54/46
CHRYSLER,TOWN & COUNTRY 4DR MINIVAN TOURING/TOURING-L/,08,514,200,172,308,2115,102,219,47,88,140,95,111,167,165,56/44
DODGE,AVENGER 4DR SEDAN R/T,11,489,185,148,277,1636,129,65,35,81,106,102,108,158,159,56/44
DODGE,AVENGER 4DR SEDAN SX CANADA VALUE PACKAGE/SXT,11,489,185,148,277,1539,129,65,35,81,106,102,108,158,159,56/44
DODGE,CHALLENGER 2DR COUPE RWD R/T/R/T CLASSIC,09,502,192,145,295,1852,137,84,30,85,119,95,112,160,162,56/44
DODGE,CHALLENGER 2DR COUPE RWD SRT,09,502,192,145,295,1891,137,84,30,85,119,95,112,160,162,56/44
DODGE,CHALLENGER 2DR COUPE RWD SXT/SXT PLUS,09,502,192,145,295,1739,137,84,30,85,119,95,112,160,162,56/44
DODGE,CHARGER 4DR SEDAN R/T AWD,11,508,191,148,305,2018,139,71,34,84,117,92,110,161,162,56/44
DODGE,CHARGER 4DR SEDAN RWD R/T/R/T ROAD AND TRACK/,11,508,191,148,305,1929,139,71,34,84,117,92,110,161,162,56/44
DODGE,CHARGER 4DR SEDAN RWD SE/SXT/SXT PLUS,11,508,191,148,305,1797,139,71,34,84,117,92,110,161,162,56/44
DODGE,CHARGER 4DR SEDAN SRT,11,508,191,148,305,1980,139,71,34,84,117,92,110,161,162,56/44
DODGE,CHARGER 4DR SEDAN SXT AWD/SXT PLUS AWD,11,508,191,148,305,1883,139,71,34,84,117,92,110,161,162,56/44
DODGE,DART SE/SXT/RALLYE/AERO/LIMITED/GT 4DR SEDAN,13,468,183,147,271,1471,121,50,36,79,111,98,99,157,158,61/39
DODGE,DURANGO 4DR SUV AWD V6 SXT/CREW PLUS/CITADEL,11,508,193,180,304,2262,131,218,40,96,125,86,118,162,163,56/44
DODGE,DURANGO 4DR SUV AWD V8 R/T/CREW PLUS/CITADEL,11,508,193,180,304,2418,131,218,40,96,125,86,118,162,163,56/44
DODGE,GRAND CARAVAN 4DR VAN FWD CVP/SE PLUS/SXT/SXT,08,514,200,172,308,2050,102,219,47,89,135,96,111,167,165,56/44
DODGE,JOURNEY 4DR SUV AWD R/T/R/T RALLYE,08,489,183,170,289,1926,112,184,41,87,122,100,100,157,158,56/44
DODGE,JOURNEY 4DR SUV FWD CANADA VALUE PACKAGE/SE P,08,489,183,170,289,1735,112,184,41,87,122,100,100,157,158,56/44
DODGE,JOURNEY 4DR SUV FWD CREW,08,489,183,170,289,1834,112,184,41,87,122,100,100,157,158,56/44
FERRARI,458  SPIDER 2DR CONVERTIBLE RWD,12,453,194,121,265,1430,N/A,N/A,N/A,N/A,N/A,N/A,N/A,N/A,N/A,42/58
FERRARI,458 ITALIA 2DR COUPE RWD,10,453,194,121,265,1380,N/A,N/A,N/A,N/A,N/A,N/A,N/A,N/A,N/A,42/58
FERRARI,CALIFORNIA 2DR COUPE RWD,09,456,190,131,267,1735,N/A,N/A,N/A,N/A,N/A,N/A,N/A,168,166,47/53
FERRARI,F12BERLINETTA 2DR COUPE RWD,13,462,194,127,272,1630,N/A,N/A,N/A,N/A,N/A,N/A,N/A,167,162,46/54
FERRARI,FF 2DR COUPE AWD,12,491,196,138,299,1880,N/A,N/A,N/A,N/A,N/A,N/A,N/A,167,163,47/53
FIAT,500 2 DR HATCHBACK POP/SPORT/LOUNGE,11,355,163,152,230,1068,80,61,37,84,101,71,54,142,140,62/38
FIAT,500 2 DR HATCHBACK TURBO/ABARTH,12,367,163,150,230,1130,88,37,34,85,104,78,59,141,141,62/38
FIAT,500C 2 DR HATCHBACK CONVERTIBLE POP/LOUNGE,11,355,163,152,230,1098,80,61,37,84,101,71,54,142,140,63/37
FIAT,500C 2 DR HATCHBACK CONVERTIBLE TURBO/ABARTH,12,367,163,150,230,1130,88,37,34,85,104,78,59,141,141,62/38
FIAT,500L,13,425,179,165,261,1453,93,137,40,87,110,86,78,151,151,61/39
FISKER,KARMA 4DR SEDAN,12,500,198,133,316,2404,165,66,30,74,114,91,93,169,170,47/53
FORD,C-MAX ENERGI 4DR HATCHBACK,12,442,183,162,265,1750,98,150,43,89,117,91,86,154,153,59/41
FORD,C-MAX HYBRID 4DR HATCHBACK,12,442,183,162,265,1636,98,150,43,89,117,91,86,154,153,59/41
FORD,E-150 ECONOLINE VAN,08,550,202,209,351,2107,99,276,56,96,165,87,112,178,170,58/42
FORD,E-150 ECONOLINE VAN EXTENDED,08,600,202,216,351,2228,99,326,55,95,166,87,162,178,169,53/47
FORD,E-150 ECONOLINE WAGON,08,550,202,209,351,2322,99,276,53,96,165,87,112,178,170,55/45
FORD,E-250 ECONOLINE VAN,08,550,202,216,351,2268,99,276,55,95,166,87,112,178,169,56/44
FORD,E-250 ECONOLINE VAN EXTENDED,08,600,202,216,351,2328,99,326,55,95,166,87,162,178,169,53/47
FORD,E-350 SD ECONOLINE VAN,08,550,202,212,351,2419,99,276,55,95,166,87,112,178,169,N/A
FORD,E-350 SD ECONOLINE VAN EXTENDED,08,600,202,212,351,2484,99,326,55,95,166,87,162,178,169,N/A
FORD,E-350 SD ECONOLINE WAGON,08,550,202,212,351,2546,99,276,56,96,166,87,112,178,169,59/41
FORD,E-350 SD ECONOLINE WAGON EXTENDED,08,600,202,212,351,2683,99,326,55,95,166,87,162,178,169,54/46
FORD,EDGE 4DR SUV AWD SEL/LIMITED/SPORT,10,468,193,170,282,1993,115,157,37,83,126,92,94,166,166,57/43
FORD,EDGE 4DR SUV FWD SE/SEL/LIMITED,10,468,193,170,282,1852,115,157,37,83,126,92,94,166,166,58/42
FORD,ESCAPE 4DR SUV AWD SE/SEL/TITANIUM,12,454,184,168,269,1693,105,166,40,89,114,93,92,156,157,57/43
FORD,ESCAPE 4DR SUV FWD S/SE/SEL,12,454,184,168,269,1588,105,166,40,89,114,93,92,156,157,57/43
FORD,EXPEDITION 4WD SUV XLT/LIMITED,07,523,200,196,302,2633,135,213,51,82,96,100,121,169,168,50/50
FORD,EXPEDITION MAX 4WD SUV LIMITED,07,562,200,197,333,2792,135,252,51,82,96,100,129,169,168,50/50
FORD,EXPLORER 4DR SUV AWD BASE V6/XLT V6/LIMITED V,11,501,200,179,286,2146,118,197,40,95,127,96,117,170,170,54/46
FORD,EXPLORER 4DR SUV FWD BASE/XLT/LIMITED,11,501,200,179,286,2067,118,197,40,95,127,96,117,170,170,54/46
FORD,F-150 P/U REG CAB 6.5-FT BOX 2WD,09,533,200,190,320,2159,132,245,44,96,136,98,116,170,170,56/44
FORD,F-150 P/U REG CAB 6.5-FT BOX 4X4,09,533,200,193,320,2263,132,245,44,96,136,98,116,170,170,56/44
FORD,F-150 P/U REG CAB 8-FT BOX 2WD,09,581,200,194,368,2205,132,292,44,96,136,98,116,170,170,56/44
FORD,F-150 P/U REG CAB 8-FT BOX 4X4,09,581,200,193,368,2317,132,292,44,96,136,98,116,170,170,56/44
FORD,F-150 P/U SUPER CAB 6.5-FT BOX 2WD,09,581,200,182,368,2350,132,292,44,96,136,98,116,170,170,56/44
FORD,F-150 P/U SUPER CAB 6.5-FT BOX 4X4,09,581,200,193,368,2454,132,292,44,96,136,98,116,170,170,56/44
FORD,F-150 P/U SUPER CAB 8-FT BOX 2WD,09,628,200,193,414,2517,132,339,44,96,136,98,116,170,170,56/44
FORD,F-150 P/U SUPER CAB 8-FT BOX 4X4,09,628,200,195,414,2658,132,339,44,96,136,98,116,170,170,56/44
FORD,F-150 P/U SUPER CREW 5.5-FT BOX 2WD,09,581,200,189,368,2349,132,292,44,96,136,98,116,170,170,56/44
FORD,F-150 P/U SUPER CREW 5.5-FT BOX 4X4,09,581,200,194,368,2522,132,292,44,96,136,98,116,170,170,56/44
FORD,F-150 P/U SUPER CREW 6.5-FT BOX 2WD,09,611,200,189,398,2408,132,323,44,96,136,98,116,170,170,56/44
FORD,F-150 P/U SUPER CREW 6.5-FT BOX 4X4,09,611,200,194,398,2586,132,323,44,96,136,98,116,170,170,56/44
FORD,F-150 SVT RAPTOR SUPER CAB 5.5-FT BOX,10,553,219,199,339,2724,139,265,46,95,136,98,116,188,187,N/A
FORD,F-150 SVT RAPTOR SUPER CREW 5.5-FT BOX,10,581,219,199,368,2812,139,292,46,95,136,98,116,188,187,N/A
FORD,F-250 SD P/U CREW CAB L/BOX,11,657,203,196,439,2962,145,371,50,89,142,97,121,174,171,N/A
FORD,F-250 SD P/U CREW CAB L/BOX 4X4,11,657,203,203,439,3148,145,371,50,89,142,97,121,174,171,N/A
FORD,F-250 SD P/U CREW CAB S/BOX,11,617,203,197,399,2912,145,331,50,89,142,97,121,174,171,N/A
FORD,F-250 SD P/U CREW CAB S/BOX 4X4,11,617,203,202,399,3099,145,331,50,89,142,97,121,174,171,N/A
FORD,F-250 SD P/U REG CAB L/BOX,11,568,203,195,350,2656,145,282,50,89,142,97,121,174,171,N/A
FORD,F-250 SD P/U REG CAB L/BOX 4X4,11,568,203,201,350,2888,145,282,50,89,142,97,121,174,171,N/A
FORD,F-250 SD P/U SUPER CAB L/BOX,11,621,203,195,403,2851,145,335,50,89,142,97,121,174,171,N/A
FORD,F-250 SD P/U SUPER CAB L/BOX 4x4,11,621,203,201,403,3053,145,335,50,89,142,97,121,174,171,N/A
FORD,F-250 SD P/U SUPER CAB S/BOX,11,581,203,196,363,2810,145,295,50,89,142,97,121,174,171,N/A
FORD,F-250 SD P/U SUPER CAB S/BOX 4X4,11,581,203,202,363,2851,145,295,50,89,142,97,121,174,171,N/A
FORD,F-350 SD P/U CREW CAB L/BOX,11,657,203,196,439,2980,145,371,50,89,142,97,121,174,171,N/A
FORD,F-350 SD P/U CREW CAB L/BOX 4X4,11,657,203,205,439,3166,145,371,50,89,142,97,121,174,171,N/A
FORD,F-350 SD P/U CREW CAB L/BOX DRW,11,657,244,196,439,3130,145,371,50,89,142,97,121,174,190,N/A
FORD,F-350 SD P/U CREW CAB L/BOX DRW 4X4,11,657,244,203,439,3325,145,371,50,89,142,97,121,174,190,N/A
FORD,F-350 SD P/U CREW CAB S/BOX,11,617,203,196,399,2921,145,331,50,89,142,97,121,174,171,N/A
FORD,F-350 SD P/U CREW CAB S/BOX 4X4,11,617,203,205,399,3121,145,331,50,89,142,97,121,174,171,N/A
FORD,F-350 SD P/U REG CAB L/BOX,11,568,203,194,350,2676,145,282,50,89,142,97,121,174,171,N/A
FORD,F-350 SD P/U REG CAB L/BOX 4X4,11,568,203,203,350,2917,145,282,50,89,142,97,121,174,171,N/A
FORD,F-350 SD P/U REG CAB L/BOX DRW,11,568,244,195,350,2826,145,282,50,89,142,97,121,174,190,N/A
FORD,F-350 SD P/U REG CAB L/BOX DRW 4X4,11,568,244,202,350,3048,145,282,50,89,142,97,121,174,190,N/A
FORD,F-350 SD P/U SUPER CAB L/BOX,11,621,203,195,403,2862,145,335,50,89,142,97,121,174,171,N/A
FORD,F-350 SD P/U SUPER CAB L/BOX 4X4,11,621,203,204,403,3071,145,335,50,89,142,97,121,174,171,N/A
FORD,F-350 SD P/U SUPER CAB L/BOX DRW,11,621,244,195,403,3021,145,335,50,89,142,97,121,174,190,N/A
FORD,F-350 SD P/U SUPER CAB L/BOX DRW 4X4,11,621,244,202,403,3225,145,335,50,89,142,97,121,174,190,N/A
FORD,F-350 SD P/U SUPER CAB S/BOX,11,581,203,195,363,2826,145,295,50,89,142,97,121,174,171,N/A
FORD,F-350 SD P/U SUPER CAB S/BOX 4X4,11,581,203,204,363,3025,145,295,50,89,142,97,121,174,171,N/A
FORD,F-450 SD P/U CREW CAB L/BOX DRW 4X4,11,657,244,202,439,3674,145,371,50,89,142,97,121,174,190,N/A
FORD,FIESTA 4DR HATCH SE/SES,10,407,172,147,249,1170,100,121,34,77,103,86,72,147,147,59/41
FORD,FIESTA 4DR SEDAN S/SE/SEL,10,441,172,147,249,1160,100,50,34,76,111,86,106,147,147,59/41
FORD,FLEX 5DR CUV AWD SEL/LIMITED/TITANIUM,08,513,193,172,300,2195,130,220,42,96,126,97,114,167,167,54/46
FORD,FLEX 5DR CUV FWD SE/SEL/LIMITED,08,513,193,172,300,2027,130,220,42,96,126,97,114,167,167,54/46
FORD,FOCUS 4DR HATCHBACK SE/TITANIUM,11,436,183,147,265,1327,105,143,36,80,110,90,82,154,154,60/40
FORD,FOCUS 4DR SEDAN S/SE/TITANIUM,11,453,183,147,265,1340,106,43,36,81,110,89,99,155,152,60/40
FORD,FOCUS ELECTRIC 4D HATCHBACK,12,438,182,148,265,1666,107,142,37,81,111,92,81,154,151,49/51
FORD,FOCUS ST 4DR HATCHBACK,12,437,186,148,265,1475,105,142,37,81,109,90,82,153,154,60/40
FORD,FUSION 4DR SEDAN ENERGI SE/ENERGI TITANIUM,12,488,186,146,284,1775,122,50,35,84,116,94,110,160,160,59/41
FORD,FUSION 4DR SEDAN HYBRID/TITANIUM/HYBRID TITAN,12,488,186,146,284,1651,122,50,35,84,116,94,110,160,160,59/41
FORD,FUSION 4DR SEDAN S/SE,12,488,186,146,284,1554,122,50,35,84,116,94,110,160,160,59/41
FORD,MUSTANG 2DR CONVERTIBLE RWD/V6 PREMIUM,10,478,188,142,272,1814,158,72,N/A,80,123,93,113,158,160,53/47
FORD,MUSTANG 2DR COUPE RWD/V6 PREMIUM,10,478,188,142,272,1701,158,65,32,80,118,93,113,158,160,53/47
FORD,MUSTANG GT 2DR CONVERTIBLE RWD,10,478,188,142,272,1687,158,72,N/A,80,123,93,113,158,160,53/47
FORD,MUSTANG GT 2DR COUPE RWD/BOSS 302,10,478,188,142,272,1634,158,65,32,80,118,93,113,158,160,53/47
FORD,POLICE INTERCEPTOR SEDAN,10,516,194,154,287,N/A,139,70,32,85,119,103,126,168,168,N/A
FORD,POLICE INTERCEPTOR UTILITY,11,501,200,179,286,N/A,118,197,40,95,127,96,117,170,170,N/A
FORD,SHELBY GT500 4DR CONVERTIBLE RWD,10,478,188,144,272,1833,157,72,N/A,80,123,93,113,158,159,53/47
FORD,SHELBY GT500 4DR COUPE RWD,10,478,188,144,272,1778,157,65,32,80,118,93,113,158,159,53/47
FORD,TAURUS SE/SEL 4DR SEDAN FWD,10,516,194,154,287,1822,139,70,32,85,119,103,126,168,168,60/40
FORD,TAURUS SEL/LIMITED/SHO 4DR SEDAN AWD,10,516,194,154,287,1918,139,70,32,85,119,103,126,168,168,60/40
FORD,TRANSIT-CONNECT ELECTRIC,10,460,180,201,292,1807,108,196,53,83,112,94,74,150,156,55/45
FORD,TRANSIT-CONNECT WAGON XLT/XLT PREMIUM,10,460,180,201,292,1589,108,196,53,83,112,94,74,150,156,55/45
FORD,TRANSIT-CONNECT XLT CARGO,10,460,180,201,292,1538,108,196,53,83,112,94,74,150,156,55/45
GMC,1500 SAVANA CARGO VAN SWB,03,569,202,207,343,2198,91,291,54,99,146,101,124,173,172,53/47
GMC,1500 SAVANA CARGO VAN SWB AWD,03,569,202,207,343,2367,91,291,54,99,146,101,124,173,172,53/47
GMC,1500 SAVANA PASSENGER VAN SWB,03,569,202,207,343,2358,91,291,54,99,146,101,124,173,172,53/47
GMC,1500 SAVANA PASSENGER VAN SWB AWD,03,569,202,207,343,2367,91,291,54,99,146,101,124,173,172,53/47
GMC,2500 SAVANA CARGO VAN LWB,03,620,202,208,394,2755,91,342,54,99,146,101,124,173,172,53/47
GMC,2500 SAVANA CARGO VAN SWB,03,569,202,207,343,2276,91,291,54,99,146,101,124,173,172,53/47
GMC,2500 SAVANA PASSENGER VAN LWB,03,620,202,208,394,2755,91,342,54,99,146,101,124,173,172,53/47
GMC,2500 SAVANA PASSENGER VAN SWB,03,569,202,207,343,2537,91,291,54,99,146,101,124,173,172,53/47
GMC,3500 SAVANA CARGO VAN LWB,03,620,202,208,394,2552,91,342,54,99,146,101,124,173,172,53/47
GMC,3500 SAVANA CARGO VAN SWB,03,569,202,207,343,2462,91,291,54,99,146,101,124,173,172,53/47
GMC,3500 SAVANA PASSENGER VAN LWB,03,620,202,208,394,2873,91,342,54,99,146,101,124,173,172,53/47
GMC,3500 SAVANA PASSENGER VAN SWB,03,569,202,207,343,2728,91,291,54,99,146,101,124,173,172,53/47
GMC,ACADIA 4DR SUV AWD SLE/SLT/DENALI,07,511,200,185,302,2200,106,207,41,89,114,98,111,171,170,55/45
GMC,ACADIA 4DR SUV FWD SLE/SLT,07,511,200,185,302,2112,106,207,41,89,114,98,111,171,170,55/45
GMC,SIERRA 1500 CREW CAB S/BOX 2WD,07,570,203,188,365,2338,131,293,46,86,133,101,103,174,171,58/42
GMC,SIERRA 1500 CREW CAB S/BOX 4X4 /DENALI,07,570,203,188,365,2397,131,293,46,86,133,101,103,174,171,58/42
GMC,SIERRA 1500 EXT CAB L/BOX 2WD,07,618,203,188,400,2378,131,340,46,86,133,100,117,174,171,59/41
GMC,SIERRA 1500 EXT CAB L/BOX 4X4,07,618,203,188,400,2496,131,340,46,86,133,100,117,174,171,60/40
GMC,SIERRA 1500 EXT CAB M/BOX 2WD,07,570,203,188,365,2216,131,293,46,86,133,100,105,174,171,58/42
GMC,SIERRA 1500 EXT CAB M/BOX 4X4,07,570,203,188,365,2408,131,293,46,86,133,100,105,174,171,59/41
GMC,SIERRA 1500 HYBRID CREW CAB S/BOX 2WD,07,570,203,188,365,2559,131,293,46,86,133,101,103,174,171,59/41
GMC,SIERRA 1500 HYBRID CREW CAB S/BOX 4X4,07,570,203,188,365,2627,131,293,46,86,133,101,103,174,171,59/41
GMC,SIERRA 1500 REG CAB L/BOX 2WD,07,556,203,188,338,2085,132,278,46,86,133,101,117,174,171,58/42
GMC,SIERRA 1500 REG CAB L/BOX 4X4,07,556,203,188,338,2200,132,278,46,86,133,101,117,174,171,59/41
GMC,SIERRA 1500 REG CAB M/BOX 2WD,07,508,203,188,302,2023,132,230,46,86,133,100,105,174,171,58/42
GMC,SIERRA 1500 REG CAB M/BOX 4X4,07,508,203,188,302,2123,132,230,46,86,133,100,105,174,171,59/41
GMC,SIERRA 2500HD CREW CAB L/BOX 2WD,07,644,203,198,426,2816,132,366,46,86,133,100,117,174,171,N/A
GMC,SIERRA 2500HD CREW CAB L/BOX 4X4,07,644,203,198,426,2991,132,366,46,86,133,100,117,174,171,N/A
GMC,SIERRA 2500HD CREW CAB M/BOX 2WD,07,596,203,198,391,2791,132,319,46,86,133,100,105,174,171,N/A
GMC,SIERRA 2500HD CREW CAB M/BOX 4X4,07,596,203,198,391,2918,132,319,46,86,133,100,105,174,171,N/A
GMC,SIERRA 2500HD CREW CAB M/BOX DENALI,07,596,203,198,391,2991,132,319,46,86,133,100,105,174,171,N/A
GMC,SIERRA 2500HD EXT CAB L/BOX 2WD,07,618,203,198,400,2786,131,340,46,86,133,100,117,174,171,N/A
GMC,SIERRA 2500HD EXT CAB L/BOX 4X4,07,618,203,198,400,2824,131,340,46,86,133,100,117,174,171,N/A
GMC,SIERRA 2500HD EXT CAB M/BOX 2WD,07,570,203,198,365,2734,131,293,46,86,133,100,105,174,171,N/A
GMC,SIERRA 2500HD EXT CAB M/BOX 4X4,07,570,203,198,365,2863,131,293,46,86,133,100,105,174,171,N/A
GMC,SIERRA 2500HD REG CAB L/BOX 2WD,07,556,203,198,338,2625,132,278,46,86,133,100,117,174,171,N/A
GMC,SIERRA 2500HD REG CAB L/BOX 4X4,07,556,203,198,338,2748,132,278,46,86,133,100,117,174,171,N/A
GMC,SIERRA 3500 CREW CAB L/BOX 2WD DRW,07,644,244,198,426,3076,132,366,46,86,133,100,117,174,N/A,N/A
GMC,SIERRA 3500 CREW CAB L/BOX 2WD SRW,07,644,203,198,426,2899,132,366,46,86,133,100,117,174,171,N/A
GMC,SIERRA 3500 CREW CAB L/BOX 4X4 DRW,07,644,244,198,426,3225,132,366,46,86,133,100,117,174,N/A,N/A
GMC,SIERRA 3500 CREW CAB L/BOX 4X4 DRW DENALI,07,644,244,198,426,3284,132,366,46,86,133,100,117,174,N/A,N/A
GMC,SIERRA 3500 CREW CAB L/BOX 4X4 SRW,07,644,203,198,426,3054,132,366,46,86,133,100,117,174,171,N/A
GMC,SIERRA 3500 CREW CAB M/BOX 2X4 SRW,07,596,203,198,391,2866,132,319,46,86,133,100,105,174,171,N/A
GMC,SIERRA 3500 CREW CAB M/BOX 4X4 SRW,07,596,203,198,391,2998,132,319,46,86,133,100,105,174,171,N/A
GMC,SIERRA 3500 CREW CAB M/BOX 4X4 SRW DENALI,07,596,203,198,391,3049,132,319,46,86,133,100,105,174,171,N/A
GMC,SIERRA 3500 EXT CAB L/BOX 2WD DRW,07,618,244,198,400,3025,131,340,46,86,133,100,117,174,N/A,N/A
GMC,SIERRA 3500 EXT CAB L/BOX 2WD SRW,07,618,203,198,400,2838,131,340,46,86,133,100,117,174,171,N/A
GMC,SIERRA 3500 EXT CAB L/BOX 4X4 DRW,07,618,244,198,400,3156,131,340,46,86,133,100,117,174,N/A,N/A
GMC,SIERRA 3500 EXT CAB L/BOX 4X4 SRW,07,618,203,198,400,2969,131,340,46,86,133,100,117,174,171,N/A
GMC,SIERRA 3500 REG CAB L/BOX 2WD DRW,07,556,244,198,338,2802,132,278,46,86,133,100,117,174,N/A,N/A
GMC,SIERRA 3500 REG CAB L/BOX 2WD SRW,07,556,203,198,338,2619,132,278,46,86,133,100,117,174,171,N/A
GMC,SIERRA 3500 REG CAB L/BOX 4X4 DRW,07,556,244,198,338,2960,132,278,46,86,133,100,117,174,N/A,N/A
GMC,SIERRA 3500 REG CAB L/BOX 4X4 SRW,07,556,203,198,338,2763,132,278,46,86,133,100,117,174,171,N/A
GMC,TERRAIN SLE/SLT 4DR SUV AWD,10,471,185,169,286,1823,123,172,35,89,108,90,95,158,157,56/44
GMC,TERRAIN SLE/SLT 4DR SUV FWD,10,471,185,169,286,1748,123,172,35,89,108,90,95,158,157,57/43
GMC,YUKON 2500-XL 4DR SUV 4WD SLE/SLT,07,565,201,196,330,2909,132,251,46,95,135,100,134,173,171,50/50
GMC,YUKON 2500-XL 4DR SUV RWD SLE/SLT,07,565,201,195,330,2786,132,251,46,95,135,100,134,173,171,50/50
GMC,YUKON 4DR SUV 4WD SLE/SLT/DENALI,07,513,201,196,295,2583,132,199,46,95,134,100,120,173,171,52/48
GMC,YUKON 4DR SUV RWD SLE/SLT,07,513,201,195,295,2480,132,199,46,95,134,100,120,173,171,52/48
GMC,YUKON HYBRID 4DR SUV 4WD/DENALI,08,513,201,196,295,2750,132,199,46,95,134,100,120,173,171,54/46
GMC,YUKON HYBRID 4DR SUV RWD,08,513,201,195,295,2566,132,199,46,95,134,100,120,173,171,53/47
GMC,YUKON-XL 4DR SUV 4WD SLE/SLT/DENALI,07,565,201,196,330,2675,132,251,46,95,135,100,134,173,171,50/50
GMC,YUKON-XL 4DR SUV RWD SLE/SLT,07,565,201,195,330,2575,132,251,46,95,135,100,134,173,171,50/50
HONDA,ACCORD EX/EX-L NAVI 2DR COUPE,13,480,185,144,272,1480,130,62,33,81,110,98,110,158,158,61/39
HONDA,ACCORD EX-L V6 2DR COUPE,13,480,185,144,272,1575,130,62,33,81,110,98,110,158,158,62/38
HONDA,ACCORD EX-L V6 4DR SEDAN,13,486,185,147,278,1615,129,54,35,80,114,96,112,158,158,62/38
HONDA,ACCORD LX AUTO/SPORT/EX-L/TOURING 4DR SEDAN,13,486,185,147,278,1521,129,54,35,80,114,96,112,158,158,61/39
HONDA,ACCORD LX MANUAL 4DR SEDAN,13,486,185,147,278,1466,129,54,35,80,114,96,112,158,158,61/39
HONDA,CIVIC 2DR COUPE FWD LX/EX (manual),12,447,175,140,262,1220,104,56,29,79,113,89,94,150,152,61/39
HONDA,CIVIC 2DR COUPE FWD LX/EX/EX-L (automatic) /,12,447,175,140,262,1278,104,56,29,79,113,89,94,150,152,61/39
HONDA,CIVIC DX 4DR SEDAN,13,456,175,144,267,1187,109,51,33,80,116,93,96,150,152,61/39
HONDA,CIVIC HYBRID 4DR SEDAN,13,456,175,144,267,1305,109,51,33,80,116,93,96,150,152,59/41
HONDA,CIVIC LX/EX 4DR SEDAN,13,456,175,144,267,1236,109,51,33,80,116,93,96,150,152,61/39
HONDA,CIVIC TOURING/Si 4DR SEDAN,13,456,175,144,267,1295,109,51,33,80,116,93,96,150,152,61/39
HONDA,CROSSTOUR 4DR HATCHBACK EX/EX-L FWD,10,500,190,167,281,1694,139,118,35,80,111,103,116,165,164,58/42
HONDA,CROSSTOUR 4DR HATCHBACK EX-L/EX-L NAVI AWD,10,500,190,167,281,1864,139,118,35,80,111,103,116,165,164,58/42
HONDA,CR-V 4DR SUV AWD LX/EX/EX-L/TOURING,12,453,182,164,262,1583,106,162,40,85,109,92,100,156,156,58/42
HONDA,CR-V 4DR SUV FWD LX/EX,12,453,182,164,262,1499,106,162,40,85,109,92,100,156,156,58/42
HONDA,CR-Z 2 DR HATCHBACK,11,408,174,139,244,1205,107,20,31,80,100,95,69,152,150,59/41
HONDA,FIT 4DR HATCH FWD DX/LX/SPORT,09,411,170,152,250,1163,87,138,43,81,109,92,70,150,147,62/38
HONDA,INSIGHT 4DR HATCHBACK LX/EX,09,438,169,143,256,1235,96,102,37,76,114,91,92,150,148,58/42
HONDA,ODYSSEY 4DR MINIVAN EX,11,515,201,174,300,2003,99,212,43,90,132,94,120,172,173,56/44
HONDA,ODYSSEY 4DR MINIVAN EX-L RES,11,515,201,174,300,2047,99,212,43,90,132,94,120,172,173,56/44
HONDA,ODYSSEY 4DR MINIVAN LX,11,515,201,174,300,1969,99,212,43,90,132,94,120,172,173,56/44
HONDA,ODYSSEY 4DR MINIVAN TOURING,11,515,201,174,300,2070,99,212,43,90,132,94,120,172,173,56/44
HONDA,PILOT 4DR SUV AWD LX/EX/EX-L/TOURING,09,485,199,185,278,2058,109,205,44,87,132,95,113,170,170,55/45
HONDA,PILOT 4DR SUV FWD LX,09,485,199,185,278,1963,109,205,44,87,132,95,113,170,170,55/45
HONDA,RIDGELINE 4DR PICKUP AWD DX/VP/SPORT/TOURING,05,525,195,179,310,2051,112,278,40,83,120,96,120,170,170,58/42
HYUNDAI,ACCENT 4DR HATCHBACK L/GL/GLS (auto),11,412,170,145,257,1168,104,130,37,79,105,82,73,149,149,62/38
HYUNDAI,ACCENT 4DR HATCHBACK L/GL/GLS (manual),11,412,170,145,257,1138,104,130,37,79,105,82,73,149,149,62/38
HYUNDAI,ACCENT 4DR SEDAN L/GL (manual),11,437,172,145,257,1125,103,50,36,79,106,82,97,147,149,62/38
HYUNDAI,ACCENT 4DR SEDAN L/GL/GLS (auto),11,437,172,145,257,1155,103,50,36,79,106,82,97,147,149,62/38
HYUNDAI,ELANTRA 4 DR SEDAN AUTO L/GL/GLS/LIMITED,11,453,178,144,270,1265,104,48,33,80,114,87,97,154,158,62/38
HYUNDAI,ELANTRA 4 DR SEDAN MANUAL L/GL/GLS,11,453,178,144,270,1235,104,48,33,80,114,87,97,154,158,62/38
HYUNDAI,ELANTRA COUPE 2DR GLS/SE,12,454,178,145,270,1262,104,49,32,80,114,86,98,155,156,61/39
HYUNDAI,ELANTRA GT 5DR GL/GLS/SE,12,429,178,145,264,1295,105,131,36,81,108,88,77,155,156,61/39
HYUNDAI,EQUUS 4 DR SEDAN SIGNATURE/ULTIMATE,11,516,189,149,305,2070,139,65,38,83,116,89,123,162,163,52/48
HYUNDAI,GENESIS  2DR COUPE RWD 2.0T/2.0T PREMIUM/2.0T,12,463,186,138,282,1570,134,52,31,77,116,83,98,163,162,55/45
HYUNDAI,GENESIS 2DR COUPE RWD 3.8 GT,12,463,186,138,282,1598,134,52,31,77,116,83,98,163,162,55/45
HYUNDAI,GENESIS 4DR SEDAN RWD 3.8/3.8 PREMIUM/3.8 TEC,09,498,189,148,294,1768,126,57,38,83,119,86,116,161,162,52/48
HYUNDAI,GENESIS 4DR SEDAN RWD 5.0L R-SPEC,09,498,189,148,294,1884,126,57,38,83,119,86,116,161,162,52/48
HYUNDAI,SANTA FE SPORT 2.4L LUXURY/2.0T PREMIUM/2.0T,13,469,188,169,270,1711,121,167,37,94,116,93,106,163,164,56/44
HYUNDAI,SANTA FE SPORT 2.4L/2.4L PREMIUM/2.0T PREMIUM,13,469,188,169,270,1640,121,167,37,94,116,93,106,163,164,56/44
HYUNDAI,SANTA FE XL GLS/LIMITED AWD 4DR SUV,13,490,189,170,280,1860,124,191,36,93,116,95,115,163,164,56/44
HYUNDAI,SANTA FE XL GLS/LIMITED FWD 4DR SUV,13,490,189,170,280,1790,124,191,36,93,116,95,115,163,164,56/44
HYUNDAI,SONATA 4DR SEDAN 2.0T LIMITED,10,482,184,147,280,1540,126,60,32,84,113,94,108,159,159,60/40
HYUNDAI,SONATA 4DR SEDAN GL/GLS/SE/LIMITED,10,482,183,147,280,1475,126,60,32,84,113,94,108,160,160,61/39
HYUNDAI,SONATA 4DR SEDAN HYBRID /PREMIUM,10,482,184,147,280,1610,126,60,32,84,113,94,108,160,160,60/40
HYUNDAI,TUCSON 4DR SUV AWD GL/PREMIUM,10,440,182,166,264,1529,109,146,34,89,116,88,88,158,158,59/41
HYUNDAI,TUCSON 4DR SUV AWD GLS/LIMITED,10,440,182,166,264,1582,109,146,34,89,116,88,88,158,158,59/41
HYUNDAI,TUCSON 4DR SUV FWD GLS,10,440,182,166,264,1505,109,146,34,89,116,88,88,158,158,59/41
HYUNDAI,TUCSON 4DR SUV FWD L/GL/PTRMIUM,10,440,182,166,264,1440,109,146,34,89,116,88,88,158,158,59/41
HYUNDAI,VELOSTER 3DR HATCHBACK /TECH PACKAGE,11,422,179,140,265,1208,106,113,31,80,114,83,74,156,156,60/40
HYUNDAI,VELOSTER TURBO 3DR HATCHBACK,11,425,181,140,265,1316,108,114,31,80,114,85,75,156,157,60/40
INFINITI,EX35 4DR CUV AWD LUXURY/JOURNEY,08,463,180,159,280,1829,128,137,39,85,105,88,96,153,153,53/47
INFINITI,FX35 4DR SUV AWD /LIMITED,09,486,193,168,289,1954,137,153,38,89,112,93,105,164,164,53/47
INFINITI,FX50 4DR SUV AWD,09,486,193,168,289,2080,137,153,38,89,112,93,105,164,164,54/46
INFINITI,G37 2DR CABRIO,08,466,182,139,285,1864,140,69,32,80,108,85,96,154,160,52/48
INFINITI,G37 2DR COUPE,08,465,182,141,285,1652,140,69,32,80,108,85,96,154,156,54/46
INFINITI,G37 2DR COUPE G37x AWD,08,465,182,139,285,1745,140,69,32,80,108,85,96,154,156,56/44
INFINITI,G37 2DR COUPE ISP CONVERTIBLE,11,470,182,139,285,1900,143,69,32,81,108,88,96,154,156,54/46
INFINITI,G37 2DR COUPE ISP COUPE,11,470,182,139,285,1686,143,69,32,81,108,88,96,154,156,54/46
INFINITI,G37 4DR SEDAN RWD M6 SPORT,07,475,177,145,285,1681,122,52,36,79,106,82,110,152,153,53/47
INFINITI,G37X 4DR SEDAN AWD /XAWD SPORT,07,475,177,145,285,1750,122,52,36,79,106,82,110,152,153,55/45
INFINITI,JX35 4DR SUV AWD,12,499,196,174,290,2005,122,189,42,87,123,100,109,168,167,55/45
INFINITI,M35H 4DR SEDAN M HYBRID,11,495,185,150,290,1873,140,55,37,82,116,90,115,158,157,51/49
INFINITI,M37 4DR SEDAN,11,495,185,150,290,1750,140,55,37,82,116,90,115,158,157,54/46
INFINITI,M37/M56 4DR SEDAN M37x AWD/M37 SPORT/M56,11,495,185,150,290,1827,140,55,37,82,116,90,115,158,157,54/46
INFINITI,M56 4DR SEDAN M56x AWD/M56 SPORT,11,495,185,150,290,1881,140,55,37,82,116,90,115,158,157,54/46
INFINITI,QX56 4 DR SUV AWD,11,529,203,193,308,2671,140,217,43,92,133,94,126,172,174,51/49
JAGUAR,XF AWD 4DR SEDAN,08,496,182,146,291,1770,129,55,34,84,113,91,115,155,159,53/47
JAGUAR,XFR SUPERCHARGED 4DR SEDAN RWD,08,496,182,146,291,1875,129,55,34,84,113,91,115,155,159,53/47
JAGUAR,XJ 4DR SEDAN SUPERCHARGED/SUPERSPORT,10,512,189,145,303,1870,145,61,33,83,119,89,120,163,163,51/49
JAGUAR,XJ AWD 4DR SEDAN,10,512,189,145,303,1871,145,61,33,83,119,89,120,163,163,51/49
JAGUAR,XJ-L 4DR SEDAN SUPERCHARGED/SUPERSPORT,10,525,189,145,316,1880,145,61,33,83,119,89,120,163,163,51/49
JAGUAR,XJ-L PORTFOLIO AWD 4DR SEDAN,10,525,189,145,316,1884,145,61,33,83,119,89,120,163,163,51/49
JAGUAR,XK CONVERTIBLE,06,478,189,132,275,1696,150,99,N/A,80,N/A,96,109,155,161,53/47
JAGUAR,XK COUPE,06,478,189,133,275,1660,150,44,28,79,106,96,109,156,162,53/47
JAGUAR,XKR CONVERTIBLE/XKR-S CONVERTIBLE,06,478,189,133,275,1800,150,99,N/A,80,N/A,96,109,155,161,53/47
JAGUAR,XKR COUPE/XKR-S COUPE,06,478,189,132,275,1753,150,44,28,79,106,96,109,156,162,53/47
JEEP,COMPASS 4DR SUV AWD SPORT/NORTH/LIMITED,07,441,181,163,264,1473,105,151,40,83,102,89,90,152,150,56/44
JEEP,COMPASS 4DR SUV FWD SPORT/NORTH/LIMITED,07,441,181,163,264,1398,105,151,40,83,102,89,90,152,150,56/44
JEEP,GRAND CHEROKEE 4 DR SUV LAREDO E/ LAREDO X 4X,11,482,194,176,292,2114,133,169,40,91,127,88,102,162,163,51/49
JEEP,GRAND CHEROKEE 4 DR SUV LIMITED 4X4/OVERLAND,11,482,194,176,292,2200,133,169,40,91,127,88,102,162,163,53/47
JEEP,GRAND CHEROKEE SRT-8,12,486,196,176,292,2336,134,169,40,94,126,90,106,162,163,53/47
JEEP,PATRIOT 4DR SUV AWD SPORT/NORTH/LIMITED,07,441,176,164,264,1485,106,172,38,86,113,88,89,151,150,56/44
JEEP,PATRIOT 4DR SUV FWD SPORT/NORTH/LIMITED,07,441,176,164,264,1411,106,172,38,86,113,88,89,151,150,56/44
JEEP,WRANGLER 2DR SUV 4WD RUBICON,08,388,187,184,242,1874,150,117,41,78,142,68,78,159,159,50/50
JEEP,WRANGLER 2DR SUV 4WD SAHARA,08,388,187,184,242,1839,150,117,41,78,142,68,78,159,159,50/50
JEEP,WRANGLER 2DR SUV 4WD SPORT/SPORT S,08,388,187,184,242,1759,150,117,41,78,142,68,78,159,159,50/50
JEEP,WRANGLER UNLIMITED 4DR SUV 4WD RUBICON,07,440,188,180,295,2051,150,171,40,79,144,68,78,156,157,50/50
JEEP,WRANGLER UNLIMITED 4DR SUV 4WD SAHARA,07,440,188,180,295,1994,150,171,40,79,144,68,78,156,157,50/50
JEEP,WRANGLER UNLIMITED 4DR SUV 4WD SPORT S,07,440,188,180,295,1940,150,171,40,79,144,68,78,156,157,50/50
KIA,FORTE 4DR SEDAN LX/EX,10,453,178,146,265,1228,116,54,36,77,112,90,98,156,156,62/38
KIA,FORTE 4DR SEDAN SX/SX LUXURY,10,453,178,146,265,1339,116,54,36,77,112,90,98,154,155,62/38
KIA,FORTE KOUP EX 2DR COUPE,10,448,177,140,265,1270,116,53,31,77,118,90,93,155,155,63/37
KIA,FORTE KOUP SX 2DR COUPE /SX LUXURY,10,448,177,140,265,1341,116,53,31,77,118,90,93,155,154,63/37
KIA,FORTE5 4 DR HATCHBACK LX/EX,11,434,178,146,265,1261,116,132,38,77,107,90,79,156,156,62/38
KIA,FORTE5 4 DR HATCHBACK SX/SX LUXURY,11,434,178,146,265,1348,116,132,38,77,107,90,79,154,155,62/38
KIA,OPTIMA 4DR SEDAN EX TURBO/SX,11,484,183,145,280,1535,133,51,33,84,113,97,108,159,160,60/40
KIA,OPTIMA 4DR SEDAN HYBRID/HYBRID PREMIUM,11,484,183,145,280,1583,133,51,33,84,113,97,108,158,158,60/40
KIA,OPTIMA 4DR SEDAN LX/EX/EX LUXURY,11,484,183,145,280,1454,133,51,33,84,113,97,108,159,160,60/40
KIA,RIO 4DR SEDAN FWD LX/LX+/EX/SX,12,436,172,146,257,1126,94,50,34,79,109,81,98,151,150,63/37
KIA,RIO 5DR HATCHBACK FWD LX/LX+/EX/SX,12,405,172,146,257,1126,94,121,34,80,108,81,67,152,153,63/37
KIA,RONDO 4DR WAGON FWD EX-V6/EX-V6 LUXURY,07,455,182,165,270,1686,107,167,45,83,90,93,91,156,155,60/40
KIA,RONDO 4DR WAGON FWD LX/EX/EX PREMIUM,07,455,182,165,270,1515,107,167,45,83,90,93,91,156,155,60/40
KIA,SEDONA 5DR VAN FWD LX,06,513,199,176,302,2087,101,215,48,88,114,98,114,169,169,57/43
KIA,SEDONA 5DR VAN FWD LX-CONVENIENCE/EX,06,513,199,183,302,2087,101,215,48,88,114,98,114,169,169,57/43
KIA,SORENTO LX 4DR SUV FWD,10,467,189,171,270,1722,126,177,38,87,121,93,104,161,162,56/44
KIA,SORENTO LX/EX 4DR SUV AWD,10,467,189,171,270,1730,126,177,38,87,121,93,104,161,162,56/44
KIA,SORENTO LX-V6 4DR SUV FWD,10,467,189,171,270,1830,126,177,38,87,121,93,104,161,162,56/44
KIA,SORENTO LX-V6/EX-V6/EX-V6LUXURY/SX 4DR SUV AW,10,467,189,171,270,1837,126,177,38,87,121,93,104,161,162,56/44
KIA,SOUL 1.6L,09,411,179,161,255,1220,100,150,40,88,115,84,73,156,156,61/39
KIA,SOUL 2.0L 2U/4U/4U LUXURY,09,411,179,161,255,1260,100,150,40,88,115,84,73,156,156,61/39
KIA,SPORTAGE 4 DR SUV LX AWD/EX AWD/EX LUXURY,11,444,186,165,264,1582,114,152,33,90,112,89,90,161,162,58/42
KIA,SPORTAGE 4 DR SUV LX/EX FWD,11,444,186,165,264,1432,114,152,33,90,112,89,90,161,162,58/42
KIA,SPORTAGE 4 DR SUV SX,11,444,186,165,264,1603,114,152,33,90,112,89,90,161,162,58/42
LAMBORGHINI,AVENTADOR LP700-4,12,478,203,114,270,1575,N/A,N/A,N/A,N/A,N/A,N/A,N/A,N/A,N/A,N/A
LAMBORGHINI,GALLARDO 2DR COUPE AWD,04,430,190,117,256,1430,N/A,N/A,N/A,N/A,N/A,N/A,N/A,N/A,N/A,N/A
LAMBORGHINI,GALLARDO SPYDER 2DR CONV AWD,06,430,190,118,256,1570,N/A,N/A,N/A,N/A,N/A,N/A,N/A,N/A,N/A,N/A
LAND ROVER,LR2 4DR SUV 4WD SE/HSE/HSE LUX,07,450,191,174,266,1775,115,168,46,82,112,93,93,160,160,57/43
LAND ROVER,LR4 4DR SUV 4WD /HSE/HSE LUX,10,485,192,199,289,2548,132,204,51,85,126,83,113,162,162,49/51
LAND ROVER,RANGE ROVER EVOQUE 4DR SUV PURE/DYNAMIC/PREMI,12,436,197,164,266,1770,118,137,39,95,118,89,80,163,163,59/41
LAND ROVER,RANGE ROVER EVOQUE COUPE 3DR SUV PURE/DYNAMIC,12,436,197,161,266,1640,118,111,30,92,118,89,80,163,163,59/41
LAND ROVER,RANGE ROVER SPORT 4DR SUV 4WD,06,479,193,182,275,2489,133,157,48,89,121,88,117,164,161,59/41
LAND ROVER,RANGE ROVER SPORT SUPERCHARGED 4DR SUV 4WD /A,06,479,193,182,275,2590,133,157,48,89,121,88,117,164,161,59/41
LAND ROVER,RANGE ROVER SUPERCHARGED/AUTOBIOGRAPHY4DR SUV,13,499,207,184,292,2330,134,178,45,94,115,88,119,169,168,48/52
LEXUS,CT200h 4 DR HATCHBACK/F-SPORT,11,432,177,144,260,1460,114,137,35,81,101,91,81,151,153,59/41
LEXUS,ES300h HYBRID 4DR SEDAN,13,490,182,145,282,1660,131,49,32,82,109,99,109,159,158,59/41
LEXUS,ES350 4DR SEDAN,13,490,182,145,282,1610,131,49,32,82,109,99,109,159,158,61/39
LEXUS,GS 350 4DR SEDAN RWD,12,487,183,146,285,1685,138,54,37,81,107,88,115,159,160,52/48
LEXUS,GS 350 AWD 4DR SEDAN,12,487,183,147,285,1765,138,54,37,81,107,88,115,159,160,52/48
LEXUS,GS 450h 4DR SEDAN HYBRID,12,487,183,146,285,1865,138,54,37,81,107,88,115,159,160,52/48
LEXUS,GX460 4DR SUV EXECUTIVE/ULTRA PREMIUM,10,481,188,189,279,2349,134,187,42,89,120,94,108,158,159,52/48
LEXUS,IS 250 4DR SEDAN AWD,06,458,180,144,273,1656,128,45,34,81,99,82,104,154,154,52/48
LEXUS,IS 250 4DR SEDAN RWD,06,458,180,143,273,1558,128,45,34,81,99,82,104,154,154,52/48
LEXUS,IS 350 4DR SEDAN AWD,06,458,180,144,273,1680,128,45,34,81,99,82,104,154,154,52/48
LEXUS,IS 350 4DR SEDAN RWD,06,458,180,143,273,1600,128,45,34,81,99,82,104,154,154,52/48
LEXUS,IS-C 250/350 2DR CONV RWD,06,464,180,142,273,1742,137,77,N/A,80,104,82,109,154,154,52/48
LEXUS,IS-F 4DR SEDAN RWD,08,466,182,142,273,1715,136,55,34,81,104,89,105,156,152,52/48
LEXUS,LS460 4DR SEDAN,13,509,188,147,297,1940,147,60,35,84,109,92,120,160,161,52/48
LEXUS,LS460 AWD 4DR SEDAN,13,509,188,147,297,2140,147,60,35,84,109,92,120,160,161,52/48
LEXUS,LS460L AWD 4DR SEDAN,13,521,188,147,309,2160,147,60,35,84,109,92,120,160,161,52/48
LEXUS,LS600h L HYBRID 4DR SEDAN,13,521,188,148,309,2370,147,60,35,84,109,92,120,160,161,52/48
LEXUS,LX570 4DR SUV,12,501,197,192,285,2680,139,201,49,92,125,97,119,164,164,52/48
LEXUS,RX350 4DR SUV AWD,09,477,189,172,274,1970,103,161,39,90,110,99,102,163,162,57/43
LEXUS,RX450h 4DR SUV AWD,09,477,189,172,274,2110,103,161,39,90,110,99,102,163,162,54/46
LINCOLN,MKS 4DR SEDAN AWD,08,518,193,156,287,1940,132,55,35,85,116,108,125,165,167,58/42
LINCOLN,MKT 4DR SUV ECOBOOST,10,527,193,171,299,2240,133,184,37,88,122,105,123,167,167,54/46
LINCOLN,MKX 4DR SUV,13,474,193,172,282,2008,121,157,37,83,126,97,95,166,166,57/43
LINCOLN,MKZ 2.0L FWD/AWD/3.7L FWD/HYBRID 4DR SEDAN,13,493,186,148,285,1736,131,58,30,87,116,97,111,158,158,59/41
LINCOLN,MKZ 3.7L AWD 4DR SEDAN,13,493,186,148,285,1815,131,58,30,87,116,97,111,158,158,59/41
LINCOLN,NAVIGATOR 4DR SUV 4WD /ULTIMATE,07,529,200,189,302,2724,137,213,50,82,96,104,124,169,169,51/49
LINCOLN,NAVIGATOR L 4DR SUV 4WD,07,567,200,198,333,2833,137,252,50,82,96,104,132,169,169,51/49
LOTUS,EVORA 2DR COUPE RWD/IPS,09,434,N/A,122,258,1382,N/A,N/A,N/A,N/A,N/A,N/A,N/A,N/A,N/A,N/A
LOTUS,EVORA S 2DR COUPE RWD,09,434,N/A,122,258,1436,N/A,N/A,N/A,N/A,N/A,N/A,N/A,N/A,N/A,N/A
MASERATI,GRANCABRIO 2DR CONV RWD /SPORT,09,488,192,135,294,1866,137,N/A,33,80,102,89,107,158,159,49/51
MASERATI,GRANTURISMO 2DR COUPE RWD S/S AUTOMATIC/MC ST,09,488,192,135,294,1880,137,57,33,80,102,89,107,158,159,49/51
MASERATI,QUATTROPORTE AUTOMATIC/EXECUTIVE GT/SPORT GT,04,505,189,144,305,1985,144,64,80,38,101,86,114,158,156,47/53
MAZDA,CX-5 4DR SUV GS/GT AWD,12,455,184,167,270,1604,123,146,39,87,111,94,91,158,158,56/44
MAZDA,CX-5 4DR SUV GS/GT FWD,12,455,184,167,270,1553,123,146,39,87,111,94,91,158,158,56/44
MAZDA,CX-5 4DR SUV GX AWD,12,455,184,167,270,1533,123,146,39,87,111,94,91,158,158,56/44
MAZDA,CX-5 4DR SUV GX FWD,12,455,184,167,270,1482,123,146,39,87,111,94,91,158,158,56/44
MAZDA,CX-9 4DR SUV AWD GT,13,511,194,173,288,2056,127,178,37,89,121,110,113,166,165,55/45
MAZDA,CX-9 4DR SUV FWD GS,13,511,194,173,288,1959,127,178,37,89,121,110,113,166,165,55/45
MAZDA,MAZDA2 4 DR HATCHBACK GX/GS,11,395,169,148,249,1043,99,104,38,80,103,81,65,147,146,61/39
MAZDA,MAZDA3 4DR SEDAN FWD GT,09,460,176,147,264,1378,113,49,36,80,109,95,99,152,152,61/39
MAZDA,MAZDA3 4DR SEDAN FWD GX/GS-SKY,09,460,176,147,264,1304,113,49,36,80,109,95,99,152,152,62/38
MAZDA,MAZDA3 MAZDASPEED3 4DR HATCH FWD,09,451,176,146,264,1461,113,145,35,79,107,95,91,153,154,62/38
MAZDA,MAZDA3 SPORT 4DR HATCH FWD GT,09,451,176,147,264,1387,113,145,35,79,107,95,91,153,154,62/38
MAZDA,MAZDA3 SPORT 4DR HATCH FWD GX/GS-SKY,09,451,176,147,264,1313,113,145,35,79,107,95,91,153,154,61/39
MAZDA,MAZDA5 4DR MINIVAN GS/GT,11,459,175,162,275,1569,104,178,41,89,110,92,92,154,152,51/49
MAZDA,MAZDA6 4DR SEDAN FWD GS//GT I4,09,494,184,147,279,1486,123,56,35,80,109,99,114,159,159,61/39
MAZDA,MAZDA6 4DR SEDAN FWD GS/GT V6,09,494,184,147,279,1630,123,56,35,80,109,99,114,159,159,59/41
MAZDA,MX-5 2DR CONVERTIBLE RWD GX/GS/GT (rtractabl,06,399,172,125,233,1194,135,78,N/A,68,N/A,77,89,149,148,59/41
MAZDA,MX-5 2DR CONVERTIBLE RWD GX/GS/GT (soft top),06,399,172,125,233,1145,135,78,N/A,68,N/A,77,89,149,148,59/41
MCLAREN,MP4-12C,12,451,191,120,267,1485,108,75,26,70,92,106,80,166,160,55/45
MCLAREN,MP4-12C SPIDER,12,451,191,120,267,N/A,108,75,26,70,92,106,80,166,160,55/45
MERCEDES-BENZ,B CLASS B 250 4DR HATCHBACK FWD,12,436,178,156,270,1475,110,153,41,87,114,89,77,155,156,59/41
MERCEDES-BENZ,C-CLASS C250 4DR SEDAN RWD,08,458,177,144,276,1505,117,57,37,78,109,76,106,152,150,53/47
MERCEDES-BENZ,C-CLASS C250 COUPE 2DR,12,460,177,141,276,1550,135,50,32,81,101,78,106,151,151,53/47
MERCEDES-BENZ,C-CLASS C300 / C350 4MATIC 4DR SEDAN AWD,08,463,177,144,276,1670,117,57,37,78,109,76,110,152,150,53/47
MERCEDES-BENZ,C-CLASS C350 4DR SEDAN RWD,08,463,177,144,276,1610,117,57,37,78,109,76,110,152,150,53/47
MERCEDES-BENZ,C-CLASS C350 4MATIC COUPE 2DR AWD,12,460,177,141,276,1670,135,50,32,81,101,78,106,151,151,53/47
MERCEDES-BENZ,C-CLASS C350 COUPE 2DR RWD,12,460,177,141,276,1615,135,50,32,81,101,78,106,151,151,53/47
MERCEDES-BENZ,C-CLASS C63 AMG 4DR SEDAN RWD,10,472,177,144,276,1730,N/A,N/A,37,78,109,N/A,N/A,152,150,53/47
MERCEDES-BENZ,C-CLASS C63 AMG COUPE 2DR/BLACK SERIES,12,471,177,141,276,1730,N/A,N/A,32,81,101,N/A,N/A,151,151,53/47
MERCEDES-BENZ,CL CLASS CL 550 4MATIC 2 DR COUPE AWD,11,511,187,142,296,2120,158,66,34,80,112,94,119,159,159,56/44
MERCEDES-BENZ,CL CLASS CL 600 2 DR COUPE RWD,11,511,187,142,296,2185,158,66,34,80,112,94,119,159,159,56/44
MERCEDES-BENZ,CL CLASS CL 63 AMG 2 DR COUPE,11,511,187,142,296,2135,158,66,34,80,112,94,119,159,159,56/44
MERCEDES-BENZ,CL CLASS CL 65 AMG 2 DR COUPE,11,511,187,142,296,2245,158,66,34,80,112,94,119,159,159,56/44
MERCEDES-BENZ,CLS CLASS CLS 550 4MATIC 4DR SEDAN,12,494,188,142,287,1940,147,59,34,80,119,90,117,159,163,51/49
MERCEDES-BENZ,CLS CLASS CLS 63 AMG 4DR SEDAN,12,494,188,142,287,1870,147,59,34,80,119,90,117,159,163,51/49
MERCEDES-BENZ,E CLASS E 300/350 4MATIC 4DR SEDAN AWD,10,487,185,147,287,1825,141,60,33,81,112,85,115,158,159,52/48
MERCEDES-BENZ,E CLASS E 350 2DR COUPE,10,470,179,139,276,1660,143,53,30,81,101,85,109,154,155,52/48
MERCEDES-BENZ,E CLASS E 350 4MATIC 2DR COUPE AWD,10,470,179,139,276,1775,143,53,30,81,101,85,109,154,155,52/48
MERCEDES-BENZ,E CLASS E 350 4MATIC WAGON AWD,11,490,185,152,287,1925,141,184,35,82,113,85,118,158,160,52/48
MERCEDES-BENZ,E CLASS E 350 BLUETEC 4DR SEDAN,10,487,185,147,287,1845,141,60,33,81,112,85,115,158,159,52/48
MERCEDES-BENZ,E CLASS E 350 CABRIOLET 2DR CONV,10,471,179,141,276,1785,144,86,30,81,115,86,109,153,152,52/48
MERCEDES-BENZ,E CLASS E 550 2DR COUPE,10,470,179,139,276,1795,143,53,30,81,101,85,109,154,155,52/48
MERCEDES-BENZ,E CLASS E 550 4MATIC 4DR SEDAN AWD,10,487,185,147,287,1880,141,60,33,81,112,85,115,158,159,52/48
MERCEDES-BENZ,E CLASS E 550 CABRIOLET 2DR CONV,10,471,179,141,276,1920,144,86,30,81,115,86,109,153,152,52/48
MERCEDES-BENZ,E CLASS E 63 AMG 4DR SEDAN RWD,10,487,185,144,287,1840,141,60,33,81,112,85,115,158,159,52/48
MERCEDES-BENZ,E CLASS E 63 AMG WAGON RWD,11,490,185,149,287,1945,141,184,35,82,113,85,118,158,160,52/48
MERCEDES-BENZ,G CLASS G 550/G 63 AMG 4DR SUV 4WD,02,444,181,198,285,2550,148,169,48,93,149,77,82,154,152,N/A
MERCEDES-BENZ,GL CLASS GL350 BLUETEC 4MATIC 4DR SUV,13,513,193,184,308,2545,137,217,38,96,118,89,116,168,170,50/50
MERCEDES-BENZ,GL CLASS GL450/GL550 4MATIC 4DR SUV AWD,13,513,193,184,308,2480,137,217,38,96,118,89,116,168,170,50/50
MERCEDES-BENZ,GLK CLASS GLK 250 BLUETEC 4DR SUV AWD,10,453,184,170,276,1925,127,164,42,83,120,81,96,157,160,52/48
MERCEDES-BENZ,GLK CLASS GLK 350 4MATIC 4DR SUV AWD,10,453,184,170,276,1845,127,164,42,83,120,81,96,157,160,52/48
MERCEDES-BENZ,M CLASS ML 350 4MATIC,12,480,193,180,292,2130,135,172,42,93,116,88,101,165,166,52/48
MERCEDES-BENZ,M CLASS ML 350 BLUETEC 4MATIC,12,480,193,180,292,2175,135,172,42,93,116,88,101,165,166,52/48
MERCEDES-BENZ,M CLASS ML 550 4MATIC,12,480,193,180,292,2288,135,172,42,93,116,88,101,165,166,52/48
MERCEDES-BENZ,M CLASS ML 63 AMG,12,480,193,180,292,2345,135,172,42,93,116,88,101,165,166,52/48
MERCEDES-BENZ,R CLASS R350 4MATIC 4 DR SUV,11,516,192,168,322,2270,133,214,39,90,116,92,102,165,166,52/48
MERCEDES-BENZ,R CLASS R350 BLUETEC 4MATIC 4 DR SUV,11,516,192,168,322,2380,133,214,39,90,116,92,102,165,166,52/48
MERCEDES-BENZ,S CLASS S350 BLUETEC 4MATIC 4DR SEDAN AWD,06,521,187,147,317,2130,139,63,40,82,109,87,119,159,159,52/48
MERCEDES-BENZ,S CLASS S400 HYBRID 4DR SEDAN RWD,08,521,187,147,317,2020,139,63,40,82,109,87,119,159,159,52/48
MERCEDES-BENZ,S CLASS S550 4MATIC 4DR SEDAN AWD LONG WHEELB,06,521,187,147,317,2095,139,63,40,82,109,87,119,159,159,52/48
MERCEDES-BENZ,S CLASS S550 4MATIC 4DR SEDAN AWD SHORT WHEEL,08,510,187,147,304,2075,137,62,39,81,109,87,119,159,159,52/48
MERCEDES-BENZ,S CLASS S600 4DR SEDAN RWD,06,521,187,147,317,2210,139,63,40,82,109,87,119,159,159,52/48
MERCEDES-BENZ,S CLASS S63 AMG 4DR SEDAN RWD,06,521,187,149,317,2170,139,63,40,82,109,87,119,159,159,52/48
MERCEDES-BENZ,S CLASS S65 AMG 4DR SEDAN RWD,06,521,187,147,317,2275,139,63,40,82,109,87,119,159,159,52/48
MERCEDES-BENZ,SL CLASS SL550 2DR CONVERTIBLE,12,462,188,132,258,1785,165,77,N/A,78,124,100,104,159,159,50/50
MERCEDES-BENZ,SL CLASS SL63 AMG 2DR CONVERTIBLE,12,463,188,130,258,1845,165,77,N/A,78,124,100,104,159,159,50/50
MERCEDES-BENZ,SL CLASS SL65 AMG 2DR CONVERTIBLE,12,463,188,130,258,1950,165,77,N/A,78,124,100,104,159,159,50/50
MERCEDES-BENZ,SLK CLASS SLK 250 2DR CONVERTIBLE,11,413,181,130,243,1500,152,67,N/A,78,118,87,84,156,157,50/50
MERCEDES-BENZ,SLK CLASS SLK 350 2DR CONVERTIBLE,11,413,181,130,243,1540,152,67,N/A,78,118,87,84,156,157,50/50
MERCEDES-BENZ,SLK CLASS SLK 55 AMG 2DR CONVERTIBLE,11,413,181,130,243,1610,152,67,N/A,78,118,87,84,156,157,50/50
MERCEDES-BENZ,SLS AMG 2DR COUPE,10,464,194,126,268,1695,186,74,26,76,126,94,102,168,165,52/48
MERCEDES-BENZ,SLS AMG ROADSTER 2DR CONVERTIBLE,12,464,194,126,268,1735,186,N/A,N/A,76,N/A,94,102,168,165,52/48
MERCEDES-BENZ,SPRINTER 2500 CARGO VAN 144-IN WB HIGH ROOF,08,591,199,273,367,2353,79,341,60,118,164,100,124,172,174,N/A
MERCEDES-BENZ,SPRINTER 2500 CARGO VAN 144-IN WB STANDARD ROOF,08,591,199,245,367,2324,79,341,60,118,164,100,124,172,174,N/A
MERCEDES-BENZ,SPRINTER 2500 CARGO VAN 170-IN WB EXTRALONG HIGH ROOF,08,735,199,273,433,2575,79,485,60,118,164,100,201,172,174,N/A
MERCEDES-BENZ,SPRINTER 2500 CARGO VAN 170-IN WB EXTRALONG SUPER HIGH ROOF,08,735,199,297,433,2581,79,485,60,118,164,100,201,172,174,N/A
MERCEDES-BENZ,SPRINTER 2500 CARGO VAN 170-IN WB HIGH ROOF,08,694,199,273,433,2515,79,444,60,118,164,100,162,172,174,N/A
MERCEDES-BENZ,SPRINTER 2500 CARGO VAN 170-IN WB SUPER HIGH ROOF,08,694,199,297,433,2521,79,444,60,118,164,100,162,172,174,N/A
MERCEDES-BENZ,SPRINTER 2500 PASSENGER VAN 144-IN WB HIGH ROOF,08,591,199,273,367,2631,79,341,60,118,164,100,124,172,174,N/A
MERCEDES-BENZ,SPRINTER 2500 PASSENGER VAN 144-IN WB STANDARD ROOF,08,591,199,245,367,2603,79,341,60,118,164,100,124,172,174,N/A
MERCEDES-BENZ,SPRINTER 2500 PASSENGER VAN 170-IN WB HIGH ROOF,08,694,199,273,433,2804,79,444,60,118,164,100,162,172,174,N/A
MERCEDES-BENZ,SPRINTER 3500 CAB CHASSIS 144-IN WB,08,609,201,243,367,2137,79,376,60,118,164,100,N/A,172,174,N/A
MERCEDES-BENZ,SPRINTER 3500 CAB CHASSIS 170-IN WB,08,685,201,243,433,2179,79,452,60,118,164,100,N/A,172,174,N/A
MERCEDES-BENZ,SPRINTER 3500 CARGO VAN 144-IN WB HIGH ROOF,08,591,202,282,367,2552,79,341,60,118,164,100,124,172,174,N/A
MERCEDES-BENZ,SPRINTER 3500 CARGO VAN 170-IN WB EXTRALONG HIGH ROOF,08,735,202,282,433,2796,79,485,60,118,164,100,201,172,174,N/A
MERCEDES-BENZ,SPRINTER 3500 CARGO VAN 170-IN WB EXTRALONG SUPER HIGH ROOF,08,735,202,305,433,2802,79,485,60,118,164,100,201,172,174,N/A
MERCEDES-BENZ,SPRINTER 3500 CARGO VAN 170-IN WB HIGH ROOF,08,694,202,282,433,2731,79,444,60,118,164,100,162,172,174,N/A
MERCEDES-BENZ,SPRINTER 3500 CARGO VAN 170-IN WB SUPER HIGH ROOF,08,694,202,305,433,2737,79,444,60,118,164,100,162,172,174,N/A
MINI,COOPER 2DR HATCH FWD,07,370,168,141,247,1155,97,81,35,77,110,67,57,145,144,62/38
MINI,COOPER CLUBMAN 3DR HATCH FWD,08,394,168,143,255,1235,97,122,37,77,96,67,74,144,145,59/41
MINI,COOPER CLUBVAN 3DR HATCH FWD,08,396,168,143,255,1235,99,122,37,77,96,69,74,144,145,59/41
MINI,COOPER CONVERTIBLE 2DR FWD,07,370,168,141,247,1225,97,81,35,77,110,67,57,146,146,61/39
MINI,COOPER COUNTRYMAN 4 DR SUV,11,410,179,156,260,1340,107,135,37,84,102,76,74,153,156,58/42
MINI,COOPER COUPE 2DR COUPE,12,373,168,138,247,1160,105,39,29,77,119,70,57,146,147,62/38
MINI,COOPER ROADSTER,12,373,168,139,247,1195,105,66,N/A,77,121,70,57,145,146,N/A
MINI,COOPER S 2DR CONVERTIBLE FWD,07,371,168,141,247,1210,99,81,35,77,110,69,57,146,146,59/41
MINI,COOPER S 2DR HATCH FWD,07,371,168,141,247,1210,99,81,35,77,110,69,57,145,144,62/38
MINI,COOPER S CLUBMAN 3DR HATCH FWD,08,396,168,143,255,1295,99,122,37,77,96,69,74,144,145,59/41
MINI,COOPER S COUNTRYMAN 4 DR SUV,11,410,179,156,260,1385,107,135,37,84,102,76,74,153,156,58/42
MINI,COOPER S COUNTRYMAN 4 DR SUV BASE/S,11,410,179,156,260,1500,107,135,37,84,102,76,74,153,156,58/42
MINI,COOPER S COUPE 2DR COUPE,12,373,168,138,247,1215,105,39,29,77,119,70,57,146,147,62/38
MINI,COOPER S ROADSTER,12,373,168,139,247,1245,105,66,N/A,77,121,70,57,145,146,N/A
MINI,JOHN COOPER WORKS 2DR CONVERTIBLE FWD,07,371,168,141,247,1275,99,81,35,77,110,69,57,146,146,59/41
MINI,JOHN COOPER WORKS ALL4 COUNTRYMAN 4 DR SUV,11,410,179,156,260,1480,107,135,37,84,102,76,74,153,156,58/42
MINI,JOHN COOPER WORKS CLUBMAN 3DR HATCH FWD,09,396,168,143,255,1313,99,122,37,77,96,69,74,144,145,59/41
MINI,JOHN COOPER WORKS COUPE 2DR COUPE,12,373,168,138,247,1225,105,39,29,77,119,70,57,146,147,61/39
MINI,JOHN COOPER WORKS ROADSTER,12,373,168,139,247,1255,105,66,N/A,77,121,70,57,145,146,N/A
MINI,JOHN COOPER WORKS/JCW GP 2DR HATCH FWD,09,371,168,141,247,1228,99,81,35,77,110,69,57,145,144,61/39
MINI,PACEMAN 2DR COUPE,13,412,179,152,260,1365,111,96,31,86,121,77,75,152,155,N/A
MINI,PACEMAN S ALL4/JCW ALL4 2DR COUPE,13,412,179,152,260,1480,111,96,31,86,121,77,75,152,155,N/A
MITSUBISHI,iMiEV,12,368,159,162,255,1171,52,118,39,86,119,58,55,142,138,45/55
MITSUBISHI,LANCER 4DR SEDAN AWD SE-AWD/GT-AWD,07,457,176,149,264,1415,109,50,36,82,108,96,98,153,152,61/39
MITSUBISHI,LANCER 4DR SEDAN FWD DE/SE/GT,07,457,176,149,264,1300,109,50,36,82,108,96,98,153,152,61/39
MITSUBISHI,LANCER EVO X 4DR SEDAN AWD GSR/MR,08,455,181,148,265,1630,106,50,35,84,108,91,98,154,153,57/43
MITSUBISHI,LANCER RALLIART 4DR SEDAN AWD,09,457,176,149,264,1570,109,49,36,83,111,97,98,153,153,60/40
MITSUBISHI,LANCER SPORTBACK 4DR HATCH SE/GT FWD,10,459,176,151,264,1370,118,31,33,81,111,97,98,153,153,59/41
MITSUBISHI,OUTLANDER 4DR SUV AWD ES,10,467,180,168,267,1600,119,174,38,85,123,99,101,154,154,55/45
MITSUBISHI,OUTLANDER 4DR SUV AWD LS/XLS S-AWC,10,467,180,168,267,1710,119,174,38,85,123,99,101,154,154,55/45
MITSUBISHI,OUTLANDER 4DR SUV FWD ES,10,467,180,168,267,1535,119,174,38,85,123,99,101,154,154,55/45
MITSUBISHI,RVR 4 DR SUV ES 2WD/SE 2WD,11,430,177,163,267,1375,108,136,38,87,116,88,75,153,153,59/41
MITSUBISHI,RVR 4 DR SUV SE 4WD/GT 4WD,11,430,177,163,267,1470,108,136,38,87,116,88,75,153,153,59/41
NISSAN,370Z COUPE 2DR RWD,09,424,184,132,255,1488,135,51,30,76,115,83,87,154,156,54/46
NISSAN,370Z NISMO 2 DR COUPE,11,440,184,132,255,1497,153,56,30,78,115,92,92,155,158,54/46
NISSAN,370Z ROADSTER 2DR RWD,10,424,185,132,255,1583,135,91,30,76,123,83,87,154,156,54/46
NISSAN,ALTIMA 2.5/2.5S/2.5SV/2.5SL 4DR SEDAN,13,487,183,147,278,1420,125,55,34,80,110,97,112,159,158,60/40
NISSAN,ALTIMA 2DR COUPE 2.5S,10,460,180,141,268,1424,123,66,37,80,109,95,97,154,155,61/39
NISSAN,ALTIMA 3.5SV/3.5SL 4DR SEDAN,13,487,183,148,278,1524,125,55,34,80,110,97,112,158,158,61/39
NISSAN,ARMADA 4DR SUV 4WD PLATINUM,04,525,200,200,313,2652,117,217,49,89,129,88,124,172,173,50/50
NISSAN,CUBE 5DR HATCH 1.8 S/1.8 SL,09,398,170,165,253,1286,90,137,43,86,135,79,66,148,148,51/49
NISSAN,FRONTIER CREW CAB 4X2 SV,05,523,185,178,319,1970,121,304,41,81,109,79,123,157,157,57/43
NISSAN,FRONTIER CREW CAB 4X4 PRO-4X,05,522,185,178,320,2067,121,269,41,81,109,79,123,157,157,57/43
NISSAN,FRONTIER CREW CAB 4X4 SL,05,557,185,178,355,2121,121,304,41,81,109,79,123,157,157,57/43
NISSAN,FRONTIER CREW CAB 4X4 SV,05,523,185,178,319,2068,121,304,41,81,109,79,123,157,157,57/43
NISSAN,FRONTIER KING CAB 4X4 SV/PRO-4X,05,522,185,177,320,1962,118,268,44,81,115,79,123,157,157,57/43
NISSAN,FRONTIER KING CAB S/BOX 4X2 S,05,522,185,174,320,1691,118,268,44,81,115,79,123,157,157,57/43
NISSAN,FRONTIER KING CAB S/BOX 4X2 SV,05,522,185,177,320,1873,118,268,44,81,115,79,123,157,157,57/43
NISSAN,GT-R 2DR COUPE AWD PREMIUM/BLACK EDITION,09,466,190,137,278,1740,137,64,32,82,102,91,95,158,160,53/47
NISSAN,JUKE 4 DR SUV SV AWD/SL AWD,11,413,177,157,253,1430,110,102,34,84,103,84,75,153,151,60/40
NISSAN,JUKE 4 DR SUV SV FWD/SL FWD,11,413,177,157,253,1323,110,102,34,84,103,84,75,153,153,60/40
NISSAN,LEAF 4DR HATCHBACK SV/SL,11,445,177,155,270,1535,108,138,39,83,108,95,78,154,153,56/44
NISSAN,MAXIMA 4DR SEDAN FWD 3.5SV,09,484,186,147,278,1621,113,56,36,78,114,97,110,158,159,62/38
NISSAN,MURANO 4 DR SUV S AWD/SV AWD,11,482,188,173,283,1831,115,158,38,86,114,99,100,161,161,58/42
NISSAN,MURANO 4 DR SUV SL AWD/LE AWD,11,482,188,173,283,1891,115,158,38,86,114,99,100,161,161,58/42
NISSAN,NV1500 STANDARD ROOF S,11,611,203,213,371,2634,146,312,58,104,168,105,133,175,175,N/A
NISSAN,NV200 S/SV VAN,13,473,181,187,293,1461,100,208,48,98,126,95,84,153,153,N/A
NISSAN,NV2500 HIGHROOF V6 S,11,611,203,267,371,2716,146,312,58,104,168,105,133,175,175,N/A
NISSAN,NV2500 HIGHROOF V6 SV/V8 S,11,611,203,267,371,2759,146,312,58,104,168,105,133,175,175,N/A
NISSAN,NV2500 HIGHROOF V8 SV,11,611,203,267,371,2826,146,312,58,104,168,105,133,175,175,N/A
NISSAN,NV2500 STANDARD ROOF V6 S/V6 SV/V8 S,11,611,203,213,371,2671,146,312,58,104,168,105,133,175,175,N/A
NISSAN,NV2500 STANDARD ROOF V8 SV,11,611,203,213,371,2748,146,312,58,104,168,105,133,175,175,N/A
NISSAN,NV3500 HIGHROOF V8 S,11,611,203,269,371,2751,146,312,58,104,168,105,133,175,175,N/A
NISSAN,NV3500 HIGHROOF V8 SV,11,611,203,269,371,2828,146,312,58,104,168,105,133,175,175,N/A
NISSAN,NV3500 PASSENGER VAN STANDARD ROOF S V6/S V8/,11,611,203,213,371,3068,146,312,58,104,168,105,133,175,175,N/A
NISSAN,NV3500 PASSENGER VAN STANDARD ROOF SV V8/SL V,11,611,203,213,371,3143,146,312,58,104,168,105,133,175,175,N/A
NISSAN,NV3500 STANDARD ROOF V8 S,11,611,203,216,371,2673,146,312,58,104,168,105,133,175,175,N/A
NISSAN,NV3500 STANDARD ROOF V8 SV,11,611,203,216,371,2750,146,312,58,104,168,105,133,175,175,N/A
NISSAN,PATHFINDER PLATINUM 4DR SUV,13,501,196,177,290,2044,122,191,43,87,114,100,111,167,167,54/46
NISSAN,PATHFINDER S/SL 4 x 2 4DR SUV,13,501,196,177,290,1923,122,191,43,87,114,100,111,167,167,54/46
NISSAN,PATHFINDER S/SV/SL 4 x 4 4DR SUV,13,501,196,177,290,1987,122,191,43,87,114,100,111,167,167,54/46
NISSAN,QUEST 4 DR MINIVAN S/SV,11,510,197,186,300,1987,99,217,44,96,137,94,116,173,173,55/45
NISSAN,QUEST 4 DR MINIVAN SL/LE,11,510,197,186,300,2043,99,217,44,96,137,94,116,173,173,55/45
NISSAN,ROGUE 4DR CUV AWD S/SV/SL,08,465,180,168,269,1574,111,158,39,80,113,98,98,154,155,59/41
NISSAN,ROGUE 4DR CUV FWD S/SV,08,465,180,168,269,1495,111,158,39,80,113,98,98,154,155,59/41
NISSAN,SENTRA 1.8 S/1.8SV 4DR SEDAN,13,463,176,150,270,1283,109,50,34,80,113,91,102,153,153,60/40
NISSAN,TITAN CREW CAB L/BOX 4X4 SV,04,615,200,195,405,2595,118,345,42,94,130,92,116,172,172,55/45
NISSAN,TITAN CREW CAB S/BOX 4X4 S,04,565,200,195,355,2418,118,295,42,94,130,92,116,172,172,55/45
NISSAN,TITAN CREW CAB S/BOX 4X4 SL/PRO-4X,04,565,200,195,355,2521,118,295,42,94,130,92,116,172,172,55/45
NISSAN,TITAN CREW CAB S/BOX 4X4 SV,04,565,200,195,355,2487,118,295,42,94,130,92,116,172,172,55/45
NISSAN,TITAN KING CAB S/BOX 2WD S,04,563,200,191,355,2214,118,295,48,88,130,91,116,172,172,55/45
NISSAN,TITAN KING CAB S/BOX 2WD SV,04,563,200,191,355,2284,118,295,48,88,130,91,116,172,172,55/45
NISSAN,TITAN KING CAB S/BOX 4X4 SL/PRO-4X,04,563,200,195,355,2430,118,295,48,88,130,91,116,172,172,55/45
NISSAN,TITAN KING CAB S/BOX 4X4 SV,04,563,200,191,355,2392,118,295,48,88,130,91,116,172,172,55/45
NISSAN,VERSA 4DR HATCHBACK FWD 1.8S/1.8SL,07,430,170,154,260,1235,99,132,41,81,108,91,80,146,149,60/40
NISSAN,VERSA 4DR SEDAN 1.6 S/1.6 SV/1.6 SL,12,446,170,151,260,1079,104,45,38,79,97,83,103,148,148,59/41
NISSAN,XTERRA 4DR SUV 4WD S/PRO-4X/SV,05,453,185,190,270,1982,118,178,41,83,103,78,105,156,156,56/44
PORSCHE,911 CARRERA 4 CABRIOLET /CARRERA 4S CABRIOLET,12,449,181,130,245,1535,135,70,N/A,73,N/A,100,106,154,160,38/62
PORSCHE,911 CARRERA 4/CARRERA 4S 2DR COUPE AWD,12,449,181,130,245,1465,135,70,31,73,99,100,106,154,160,38/62
PORSCHE,911 CARRERA BASE/S 2DR COUPE RWD,12,449,181,130,245,1400,135,70,31,73,99,100,106,154,160,38/62
PORSCHE,911 CARRERA CABRIOLET BASE/S 2DR CONVERTIBLE,12,449,181,130,245,1485,135,70,N/A,73,N/A,100,106,154,160,38/62
PORSCHE,911 TURBO CABRIOLET /TURBO S CABRIOLET 2DR CO,07,446,185,130,235,1670,140,59,34,72,105,103,108,148,154,38/62
PORSCHE,911 TURBO/TURBO S COUPE 2DR AWD,07,446,185,130,235,1595,140,59,34,72,105,103,108,148,154,38/62
PORSCHE,BOXSTER BASE/S 2DR CONVERTIBLE,13,437,180,128,248,1340,135,100,30,75,122,99,90,152,156,46/54
PORSCHE,CAYENNE 4 DR SUV,11,485,194,171,290,2030,139,151,42,87,122,98,98,165,167,53/47
PORSCHE,CAYENNE DIESEL 4 DR SUV,11,485,194,171,290,2080,139,151,42,87,122,98,98,165,167,53/47
PORSCHE,CAYENNE S HYBRID 4 DR SUV,11,485,194,171,290,2240,139,151,42,87,122,98,98,165,167,53/47
PORSCHE,CAYENNE S/GTS 4 DR SUV,11,485,194,171,290,2065,139,151,42,87,122,98,98,165,167,53/47
PORSCHE,CAYENNE TURBO/TURBO S 4 DR SUV,11,485,194,170,290,2215,139,151,42,87,122,98,98,165,167,53/47
PORSCHE,CAYMAN BASE/S 2DR COUPE RWD,09,435,180,130,241,1350,136,N/A,30,70,N/A,101,92,148,150,45/55
PORSCHE,PANAMERA /PLATINUM/S  4 DR HATCHBACK RWD,10,497,193,142,292,1760,145,117,33,81,115,98,107,165,163,54/46
PORSCHE,PANAMERA 4/4 PLATINUM/4S 4 DR HATCHBACK AWD,10,497,193,142,292,1820,145,117,33,81,115,98,107,165,163,54/46
PORSCHE,PANAMERA GTS 4 DR HATCHBACK AWD,10,497,193,142,292,1920,145,117,33,81,115,98,107,165,163,54/46
PORSCHE,PANAMERA S HYBRID  4 DR HATCHBACK RWD,10,497,193,142,292,2000,145,117,33,81,115,98,107,165,163,54/46
PORSCHE,PANAMERA TURBO/TURBO S  4 DR HATCHBACK AWD,10,497,193,142,292,1970,145,117,33,81,115,98,107,165,163,54/46
RAM TRUCKS,RAM 1500 CREW CAB 5.7-FT BOX 2WD,09,574,201,188,356,2258,137,307,45,97,137,102,116,176,173,57/43
RAM TRUCKS,RAM 1500 CREW CAB 5.7-FT BOX 4X4,09,574,201,190,356,2352,137,307,45,97,137,102,116,176,173,57/43
RAM TRUCKS,RAM 1500 QUAD CAB 6.4-FT BOX 2WD,09,574,201,188,356,2235,137,307,46,96,137,102,116,175,173,57/43
RAM TRUCKS,RAM 1500 QUAD CAB 6.4-FT BOX 4X4,09,574,201,190,356,2334,137,307,46,96,137,102,116,175,173,57/43
RAM TRUCKS,RAM 1500 REG CAB 6.4-FT BOX 2WD,09,523,201,186,305,2053,137,234,45,97,137,102,116,176,173,57/43
RAM TRUCKS,RAM 1500 REG CAB 6.4-FT BOX 4X4,09,523,201,186,305,2150,137,234,45,97,137,102,116,176,173,57/43
RAM TRUCKS,RAM 1500 REG CAB 8-FT BOX 2WD,09,579,201,186,356,2134,137,290,45,97,137,102,121,176,173,57/43
RAM TRUCKS,RAM 1500 REG CAB 8-FT BOX 4X4,09,579,201,188,356,2219,137,290,45,97,137,102,121,176,173,57/43
RAM TRUCKS,RAM 2500 CREW CAB L/BOX 2WD,10,652,202,N/A,431,2736,135,387,50,97,134,100,121,175,174,N/A
RAM TRUCKS,RAM 2500 CREW CAB L/BOX 4WD,10,652,202,N/A,431,2944,135,387,50,97,134,100,121,175,174,N/A
RAM TRUCKS,RAM 2500 CREW CAB S/BOX 2WD,10,595,202,N/A,379,2663,135,330,50,97,134,100,116,175,174,N/A
RAM TRUCKS,RAM 2500 CREW CAB S/BOX 4WD,10,595,202,N/A,379,2857,135,330,50,97,134,100,116,175,174,N/A
RAM TRUCKS,RAM 2500 MEGA CAB S/BOX 2WD,10,624,202,N/A,408,2820,135,359,50,97,134,100,116,175,174,N/A
RAM TRUCKS,RAM 2500 MEGA CAB S/BOX 4WD,10,624,202,N/A,408,3032,135,359,50,97,134,100,116,175,174,N/A
RAM TRUCKS,RAM 2500 REG CAB L/BOX 2WD,10,577,202,N/A,356,2484,135,290,50,97,134,100,121,175,174,N/A
RAM TRUCKS,RAM 2500 REG CAB L/BOX 4WD,10,577,202,N/A,356,2696,135,290,50,97,134,100,121,175,174,N/A
RAM TRUCKS,RAM 3500 CREW CAB L/BOX 2WD DRW,10,652,244,N/A,431,3274,135,387,50,97,134,100,121,175,N/A,N/A
RAM TRUCKS,RAM 3500 CREW CAB L/BOX 2WD SRW,10,652,202,N/A,431,2947,135,387,50,97,134,100,121,175,174,N/A
RAM TRUCKS,RAM 3500 CREW CAB L/BOX 4WD DRW,10,652,244,N/A,431,3377,135,387,50,97,134,100,121,175,N/A,N/A
RAM TRUCKS,RAM 3500 CREW CAB L/BOX 4WD SRW,10,652,202,N/A,431,3021,135,387,50,97,134,100,121,175,174,N/A
RAM TRUCKS,RAM 3500 CREW CAB S/BOX 2WD,10,595,202,N/A,379,2877,135,330,50,97,134,100,116,175,174,N/A
RAM TRUCKS,RAM 3500 CREW CAB S/BOX 4WD,10,595,202,N/A,379,2928,135,330,50,97,134,100,116,175,174,N/A
RAM TRUCKS,RAM 3500 MEGA CAB S/BOX 2WD DRW,10,624,244,N/A,408,3342,135,359,50,97,134,100,116,175,N/A,N/A
RAM TRUCKS,RAM 3500 MEGA CAB S/BOX 2WD SRW,10,624,202,N/A,408,2981,135,359,50,97,134,100,116,175,174,N/A
RAM TRUCKS,RAM 3500 MEGA CAB S/BOX 4WD DRW,10,624,244,N/A,408,2297,135,359,50,97,134,100,116,175,N/A,N/A
RAM TRUCKS,RAM 3500 MEGA CAB S/BOX 4WD SRW,10,624,202,N/A,408,3060,135,359,50,97,134,100,116,175,174,N/A
RAM TRUCKS,RAM 3500 REG CAB L/BOX 2WD DRW,10,577,244,N/A,356,3206,135,290,50,97,134,100,121,175,N/A,N/A
RAM TRUCKS,RAM 3500 REG CAB L/BOX 2WD SRW,10,577,202,N/A,356,2707,135,290,50,97,134,100,121,175,174,N/A
RAM TRUCKS,RAM 3500 REG CAB L/BOX 4WD DRW,10,577,244,N/A,356,3257,135,290,50,97,134,100,121,175,N/A,N/A
RAM TRUCKS,RAM 3500 REG CAB L/BOX 4WD SRW,10,577,202,N/A,356,2798,135,290,50,97,134,100,121,175,174,N/A
RAM TRUCKS,RAM CARGO VAN BASE,08,514,200,172,308,2050,102,219,47,89,135,96,111,167,165,56/44
ROLLS-ROYCE,GHOST 4DR SEDAN RWD,11,540,195,155,330,2490,N/A,N/A,N/A,N/A,N/A,N/A,N/A,N/A,N/A,N/A
ROLLS-ROYCE,GHOST EXTENDED 4DR SEDAN RWD,11,557,195,155,347,2520,N/A,N/A,N/A,N/A,N/A,N/A,N/A,N/A,N/A,N/A
ROLLS-ROYCE,PHANTOM 4DR SEDAN RWD,04,584,199,164,357,2630,N/A,N/A,N/A,N/A,N/A,N/A,N/A,N/A,N/A,N/A
ROLLS-ROYCE,PHANTOM COUPE 2DR COUPE RWD,08,561,199,160,332,2590,N/A,N/A,N/A,N/A,N/A,N/A,N/A,169,167,N/A
ROLLS-ROYCE,PHANTOM DROPHEAD COUPE 2DR CONVERTIBLE RWD,08,561,199,158,332,2670,N/A,N/A,N/A,N/A,N/A,N/A,N/A,169,167,N/A
ROLLS-ROYCE,PHANTOM EXTENDED 4DR SEDAN RWD,04,609,199,164,382,2670,N/A,N/A,N/A,N/A,N/A,N/A,N/A,N/A,N/A,N/A
SCION,FR-S 2DR COUPE,12,424,178,143,257,1255,133,55,31,72,108,85,82,152,154,55/45
SCION,iQ 2DR HATCHBACK,12,305,168,150,200,960,72,58,34,86,102,56,50,148,146,61/39
SCION,tC 2 DR HATCHBACK,11,442,180,142,270,1377,117,33,37,83,111,92,81,154,156,62/38
SCION,xB 4 DR SUV,11,425,176,159,260,1373,103,151,36,90,123,87,78,153,152,63/37
SCION,xD 4 DR HATCHBACK,11,393,173,151,246,1190,90,137,35,84,103,78,68,149,149,60/40
SMART,FORTWO PASSION/BRABUS 2DR CONV RWD,08,270,156,154,187,790,38,14,39,89,98,44,39,128,136,43/57
SMART,FORTWO PURE/PASSION/BRABUS 2DR COUPE RWD,08,270,156,154,187,750,38,14,39,89,98,44,39,128,136,43/57
SRT,VIPER 2DR COUPE /GTS,13,446,194,125,251,1497,N/A,N/A,N/A,N/A,N/A,N/A,N/A,160,155,50/50
SUBARU,BRZ 2DR COUPE /SPORT-TECH,12,424,179,128,257,1260,133,55,31,72,108,85,82,152,153,55/45
SUBARU,FORESTER 4DR SUV 2.5X/TOURING/LIMITED,09,456,178,170,262,1500,120,167,44,81,118,95,101,153,153,55/45
SUBARU,FORESTER 4DR SUV 2.5XT,09,456,178,170,262,1570,120,167,44,81,118,95,101,153,153,55/45
SUBARU,IMPREZA 4DR SEDAN 2.0i/2.0i TOURING/2.0i SPOR,12,458,174,147,265,1320,120,46,34,81,114,94,99,151,152,60/40
SUBARU,IMPREZA 5DR HATCH 2.0i/2.0i TOURING/2.0i SPOR,12,442,174,147,265,1320,120,139,34,81,112,94,83,151,152,60/40
SUBARU,IMPREZA WRX STI/SPORT-TECH 4DR SEDAN AWD,08,458,180,147,262,1535,124,43,39,78,106,97,100,153,154,57/43
SUBARU,IMPREZA WRX STI/SPORT-TECH 5DR HATCH AWD,08,441,180,148,262,1530,124,137,38,80,106,96,83,153,154,57/43
SUBARU,IMPREZA WRX/WRX LIMITED 4DR SEDAN AWD,08,458,180,148,262,1455,124,43,39,78,106,97,100,151,150,57/43
SUBARU,IMPREZA WRX/WRX LIMITED 5DR HATCH AWD,08,442,180,148,262,1455,124,137,38,80,106,96,83,153,154,57/43
SUBARU,LEGACY 4DR SEDAN 2.5i/PZEV/2.5i TOURING/2.5i,10,476,182,151,275,1550,132,49,37,80,120,96,105,157,157,58/42
SUBARU,LEGACY 4DR SEDAN 3.6R,10,476,182,151,275,1624,132,49,37,80,120,96,105,157,157,58/42
SUBARU,OUTBACK 4DR WAGON AWD 2.5i (manual),10,480,182,167,274,1554,132,169,37,80,119,97,109,155,155,53/47
SUBARU,OUTBACK 4DR WAGON AWD 2.5i/PZEV/2.5i TOURING/,10,480,182,167,274,1619,132,169,37,80,119,97,109,155,155,53/47
SUBARU,OUTBACK 4DR WAGON AWD 3.6R,10,480,182,167,274,1648,132,169,37,80,119,97,109,155,155,53/47
SUBARU,TRIBECA 4DR SUV AWD BASE/LIMITED/PREMIER,06,482,189,169,275,1914,111,175,40,89,118,102,106,159,157,54/46
SUBARU,XV CROSSTREK TOURING/SPORT PACKAGE/LIMITED PA,13,445,178,162,263,1425,123,140,36,82,118,97,85,153,153,59/41
SUZUKI,GRAND VITARA 4DR SUV AWD URBAN/JX/JLX/JLX-L,09,429,181,169,264,1656,117,158,43,85,117,79,88,154,156,50/50
SUZUKI,KIZASHI S iAWD 4DR SEDAN,10,463,182,148,270,1586,112,50,30,80,112,94,99,156,157,61/39
SUZUKI,KIZASHI SPORT iAWD/SX iAWD 4DR SEDAN,10,463,182,148,270,1620,112,50,30,80,112,94,99,156,157,61/39
SUZUKI,SX4 4DR CROSSOVER JA iAWD/JX iAWD/JLX iAWD,07,414,176,161,250,1361,98,126,43,80,100,91,73,150,150,61/39
SUZUKI,SX4 4DR HATCH FWD JA/JX,07,412,173,158,250,1283,98,126,42,78,100,89,73,150,151,61/39
SUZUKI,SX4 4DR SEDAN FWD  JE/JA/SPORT (manual),08,449,173,155,250,1246,99,52,43,80,101,91,110,149,148,61/39
SUZUKI,SX4 4DR SEDAN FWD JA/SPORT (auto),08,451,173,155,250,1296,99,52,43,80,101,91,110,149,148,61/39
TESLA,MODEL S,13,497,196,144,296,2155,137,39,33,84,123,93,108,166,170,47/53
TOYOTA,4RUNNER 4DR SUV 4WD LIMITED V6,10,482,193,182,279,2180,133,181,40,93,121,91,112,160,160,54/46
TOYOTA,4RUNNER 4DR SUV 4WD SR5 V6,10,482,193,182,279,2111,133,181,40,93,121,91,112,160,160,54/46
TOYOTA,4RUNNER 4DR SUV 4WD TRAIL EDITION V6,10,482,193,188,279,2155,133,181,40,93,121,91,112,160,160,54/46
TOYOTA,AVALON XLE/LIMITED 4DR SEDAN,13,496,184,146,282,1620,125,51,35,82,109,98,116,159,158,61/39
TOYOTA,CAMRY LE HYBRID/XLE HYBRID 4DR SEDAN,12,481,182,147,277,1550,123,55,37,81,108,96,108,158,157,62/38
TOYOTA,CAMRY LE/SE/XLE 4DR SEDAN,12,481,182,147,277,1441,121,55,37,81,108,96,108,159,158,60/40
TOYOTA,CAMRY SE V6/XLE V6 4DR SEDAN,12,481,182,147,277,1523,123,55,37,81,108,96,108,158,157,62/38
TOYOTA,COROLLA 4DR SEDAN FWD CE/LE/S,08,454,176,147,260,1260,107,49,34,80,104,94,100,152,152,60/40
TOYOTA,FJ CRUISER 2DR SUV 4WD /OFFROAD/URBAN/TRAIL T,06,450,191,183,269,1963,128,146,38,84,121,86,95,158,157,53/47
TOYOTA,HIGHLANDER 4DR SUV 4WD,08,479,191,176,279,1745,106,188,41,85,121,94,107,163,163,55/45
TOYOTA,HIGHLANDER 4DR SUV 4WD LIMITED,08,479,191,176,279,1960,106,188,41,85,121,94,107,163,163,55/45
TOYOTA,HIGHLANDER 4DR SUV 4WD V6,08,479,191,176,279,1896,106,188,41,85,121,94,107,163,163,55/45
TOYOTA,HIGHLANDER HYBRID 4DR SUV 4WD-i/LIMITED 4WD-i,08,479,191,176,279,2105,106,188,41,85,121,94,107,163,163,55/45
TOYOTA,MATRIX 4DR WAGON AWD,08,437,177,156,260,1485,105,140,37,83,103,93,84,152,152,62/38
TOYOTA,MATRIX 4DR WAGON FWD BASE,08,437,177,155,260,1290,105,140,37,83,103,93,84,152,152,62/38
TOYOTA,MATRIX 4DR WAGON FWD XRS,08,439,177,156,260,1395,105,140,37,83,103,93,84,152,152,62/38
TOYOTA,PRIUS 4DR LIFTBACK,10,446,175,148,271,1380,105,111,34,83,116,90,85,152,153,60/40
TOYOTA,PRIUS C /TECHNOLOGY 4DR HATCHBACK,13,400,170,145,255,1135,96,137,37,79,96,81,64,145,144,61/39
TOYOTA,PRIUS PLUG-IN HYBRID 4DR LIFTBACK,10,446,175,148,271,1435,105,111,34,83,116,90,85,152,153,60/40
TOYOTA,PRIUS V 4DR HATCHBACK,12,462,178,158,278,1485,109,179,40,86,109,93,91,154,155,59/41
TOYOTA,RAV4 LE AWD 4DR SUV,13,456,185,166,266,1600,121,170,36,89,112,90,100,157,157,58/42
TOYOTA,RAV4 LE FWD 4DR SUV,13,456,185,166,266,1545,121,170,36,89,112,90,100,156,156,58/42
TOYOTA,RAV4 XLE FWD 4DR SUV,13,456,185,171,266,1560,121,170,36,89,112,90,100,157,157,58/42
TOYOTA,RAV4 XLE/LIMITED AWD 4DR SUV,13,456,185,171,266,1615,121,170,36,89,112,90,100,157,157,58/42
TOYOTA,SEQUOIA 4DR SUV 4WD SR5/LIMITED/PLATINUM,08,521,203,190,310,2714,116,223,45,97,134,89,122,171,175,51/49
TOYOTA,SIENNA LE AWD,10,508,198,181,303,2045,102,223,45,89,126,95,110,172,171,56/44
TOYOTA,SIENNA LE FWD 4CYL,10,508,198,175,303,1900,102,223,45,89,126,95,110,172,171,56/44
TOYOTA,SIENNA V6/LE V6/SE V6 FWD,10,508,198,180,303,1965,102,223,45,89,126,95,110,172,171,57/43
TOYOTA,SIENNA XLE AWD V6,10,508,198,181,303,2115,102,223,45,89,126,95,110,172,171,56/44
TOYOTA,SIENNA XLE FWD V6,10,508,198,180,303,2020,102,223,45,89,126,95,110,172,171,57/43
TOYOTA,TACOMA DOUBLE P/U EXT CAB L/BOX 4WD (AUTO),05,562,190,178,357,1914,126,313,41,78,108,85,119,160,161,58/42
TOYOTA,TACOMA DOUBLE P/U EXT CAB S/BOX 4WD (MANUAL),05,529,190,178,325,1887,128,281,42,79,102,85,119,160,161,58/42
TOYOTA,TACOMA P/U ACCESS CAB L/BOX 4WD,05,529,190,178,325,1823,126,281,41,78,108,85,119,160,161,58/42
TOYOTA,TACOMA P/U ACCESS CAB L/BOX 4WD V-6,05,529,190,178,325,1860,126,281,41,78,108,85,119,160,161,58/42
TOYOTA,TACOMA P/U ACCESS CAB L/BOX RWD,05,529,184,167,325,1644,126,281,41,78,108,85,119,155,155,58/42
TOYOTA,TUNDRA CREW MAX S/BOX 4WD SR5/PLATINUM,07,574,203,194,370,2551,116,318,45,90,132,90,114,171,172,58/42
TOYOTA,TUNDRA DOUBLE CAB L/BOX 2WD SR5 5.7L,07,622,203,193,418,2430,116,364,45,90,132,90,114,171,172,58/42
TOYOTA,TUNDRA DOUBLE CAB L/BOX 4WD,07,622,203,194,418,2567,116,364,45,90,132,90,114,171,172,58/42
TOYOTA,TUNDRA DOUBLE CAB M/BOX 2WD SR5 4.6L,07,574,203,193,370,2306,116,318,45,90,132,90,114,171,172,58/42
TOYOTA,TUNDRA DOUBLE CAB M/BOX 4WD SR5 4.6L/SR5 5.7/,07,574,203,194,370,2476,116,318,45,90,132,90,114,171,172,58/42
TOYOTA,TUNDRA REG CAB L/BOX 2WD,07,574,203,193,370,2227,106,284,45,81,132,90,115,172,172,58/42
TOYOTA,TUNDRA REG CAB L/BOX 4WD,07,574,203,194,370,2350,106,284,45,81,132,90,115,172,172,58/42
TOYOTA,TUNDRA REG CAB M/BOX 4WD,07,526,203,194,322,2304,106,236,45,81,132,90,115,172,172,58/42
TOYOTA,VENZA 4DR SUV AWD /V6,09,480,191,161,278,1790,105,169,37,87,117,92,110,163,163,57/43
TOYOTA,VENZA 4DR SUV FWD /V6,09,480,191,161,278,1705,105,169,37,87,117,92,110,163,163,57/43
TOYOTA,YARIS 3DR HATCHBACK CE,12,390,170,151,251,1020,90,N/A,41,78,99,80,60,149,147,62/38
TOYOTA,YARIS 5DR HATCHBACK LE,12,390,170,151,251,1020,90,115,41,78,99,80,60,149,147,62/38
TOYOTA,YARIS 5DR HATCHBACK SE,12,393,170,151,251,1040,90,115,41,78,99,80,60,146,145,62/38
VOLKSWAGEN,BEETLE COMFORTLINE/HIGHLINE/SPORTLINE/TDI,12,428,181,149,254,1353,118,44,33,82,111,88,86,158,155,63/37
VOLKSWAGEN,BEETLE CONVERTIBLE,13,428,181,N/A,254,N/A,117,47,N/A,83,127,88,86,158,155,63/37
VOLKSWAGEN,CC 4DR COUPE,13,480,186,142,271,1532,129,56,30,80,118,97,112,155,155,59/41
VOLKSWAGEN,CC HIGHLINE V6 4DR COUPE,13,480,186,142,271,1748,129,56,30,80,118,97,112,155,156,59/41
VOLKSWAGEN,EOS COMFORTLINE/HIGHLINE 2DR CONVERTIBLE FWD,07,441,179,144,258,1595,102,71,33,79,110,90,94,155,153,58/42
VOLKSWAGEN,GOLF 2DR GTI HATCH,10,421,178,147,258,1397,111,115,36,78,114,88,75,153,151,62/38
VOLKSWAGEN,GOLF 2DR HATCH COMFORTLINE 2.5,10,420,178,148,258,1376,110,115,36,75,111,87,75,153,150,62/38
VOLKSWAGEN,GOLF 4DR GTI HATCH,10,421,178,147,258,1397,111,141,36,78,114,88,75,153,151,62/38
VOLKSWAGEN,GOLF 4DR HATCH 2.5/TDI,10,420,178,148,258,1388,110,141,36,75,111,87,75,153,150,62/38
VOLKSWAGEN,GOLF 4DR WAGON/TDI WAGON,10,455,178,150,258,1490,110,167,35,77,116,87,110,153,150,56/44
VOLKSWAGEN,GOLF R 2DR HATCH AWD,10,421,178,147,258,1508,111,115,36,78,114,88,75,153,151,62/38
VOLKSWAGEN,GOLF R 4DR HATCH AWD,10,421,178,147,258,1508,111,141,36,78,114,88,75,153,151,62/38
VOLKSWAGEN,JETTA 4 DR SEDAN 2.0 TDI,11,463,178,145,265,1441,120,51,36,79,107,89,109,154,154,60/40
VOLKSWAGEN,JETTA 4 DR SEDAN 2.0L TRENDLINE/COMFORTLINE,11,463,178,145,265,1307,120,51,36,79,107,89,109,154,154,60/40
VOLKSWAGEN,JETTA 4 DR SEDAN 2.5L SPORTLINE/HIGHLINE,11,463,178,145,265,1398,120,51,36,79,107,89,109,154,154,60/40
VOLKSWAGEN,JETTA 4 DR SEDAN HYBRID TRENDLINE/COMFORTLINE,11,463,178,145,265,1505,120,51,36,79,107,89,109,154,154,60/40
VOLKSWAGEN,PASSAT 2.5L 4DR SEDAN,11,487,184,147,280,1436,121,54,35,79,113,91,114,156,153,60/40
VOLKSWAGEN,PASSAT 3.6L 4DR SEDAN,11,487,184,147,280,1563,121,54,35,79,113,91,114,156,153,59/41
VOLKSWAGEN,PASSAT TDI 4DR SEDAN,11,487,184,147,280,1524,121,54,35,79,113,91,114,156,153,60/40
VOLKSWAGEN,TIGUAN 2.0 4MOTION 4DR AWD SUV,12,443,181,168,260,1629,114,146,42,81,116,93,90,157,157,57/43
VOLKSWAGEN,TIGUAN 2.0 FWD 4DR FWD SUV,12,443,181,168,260,1539,114,146,42,81,116,93,90,157,157,57/43
VOLKSWAGEN,TOUAREG 3.0L TDI 4MOTION 4 DR SUV AWD,11,480,194,173,289,2256,139,157,38,87,122,92,98,164,164,53/47
VOLKSWAGEN,TOUAREG 3.6L V-6 4 DR SUV AWD,11,480,194,173,289,2137,139,157,38,87,122,92,98,164,164,53/47
VOLVO,C30 2DR HATCH T5/R-DESIGN,10,426,178,145,264,1457,102,96,35,83,104,87,75,154,153,62/38
VOLVO,C70 T5/PREMIER PLUS/PLATINUM 2DR CONV FWD,06,458,182,141,264,1750,103,67,34,82,103,87,108,155,154,56/44
VOLVO,S60 4 DR SEDAN T5 FWD,11,463,187,148,278,1609,127,50,35,83,112,94,92,157,156,62/38
VOLVO,S60 4 DR SEDAN T6 AWD/R-DESIGN,11,463,187,148,278,1711,127,50,35,83,112,94,92,157,156,62/38
VOLVO,S80 3.2 4DR SEDAN FWD,07,485,186,149,284,1716,121,51,36,80,112,99,103,156,158,61/39
VOLVO,S80 T6 4DR SEDAN AWD,07,485,186,149,284,1829,121,51,36,80,112,99,103,156,158,61/39
VOLVO,XC60 4DR 3.2 FWD/PREMIER/PLATINUM FWD SUV,09,463,189,171,277,1791,110,165,37,86,106,91,93,163,157,58/42
VOLVO,XC60 4DR T6 AWD/PREMIER/PLATINUM/R-DESIGN AWD,09,463,189,171,277,1928,110,165,37,86,106,91,93,163,157,58/42
VOLVO,XC70 4DR WAGON AWD 3.2/T6/PREMIER/PLATINUM,08,484,187,160,282,1881,120,193,37,81,114,98,104,161,158,58/42
VOLVO,XC90 4DR SUV AWD 3.2/R-DESIGN/PREMIER/PLATINU,02,480,190,178,286,2160,111,188,46,86,125,90,104,163,162,53/47
